iteration,k_offload,potential,system_total_cost_normalized,vram_load_fraction,changed,model
0,51,167.07043503839282,180.65291262974202,0.7331249999999999,0,B_utilization_proxy_pdf_cost
1,51,167.07043503839282,180.65291262974202,0.7331249999999999,1,B_utilization_proxy_pdf_cost
2,52,165.83120285616937,182.10314056894555,0.7474999999999999,0,B_utilization_proxy_pdf_cost
3,52,165.83120285616937,182.10314056894555,0.7474999999999999,0,B_utilization_proxy_pdf_cost
4,52,165.83120285616937,182.10314056894555,0.7474999999999999,0,B_utilization_proxy_pdf_cost
5,52,165.83120285616937,182.10314056894555,0.7474999999999999,1,B_utilization_proxy_pdf_cost
6,53,163.76995421950096,183.2543624321299,0.761875,0,B_utilization_proxy_pdf_cost
7,53,163.76995421950096,183.2543624321299,0.761875,1,B_utilization_proxy_pdf_cost
8,54,160.18384699985347,183.50402512890815,0.7762499999999999,0,B_utilization_proxy_pdf_cost
9,54,160.18384699985347,183.50402512890815,0.7762499999999999,1,B_utilization_proxy_pdf_cost
10,55,158.127088977004,186.025641626467,0.7906249999999999,1,B_utilization_proxy_pdf_cost
11,56,156.50686051401703,189.86828642384265,0.8049999999999999,1,B_utilization_proxy_pdf_cost
12,57,153.44350404002762,193.32102399408365,0.819375,0,B_utilization_proxy_pdf_cost
13,57,153.44350404002762,193.32102399408365,0.819375,0,B_utilization_proxy_pdf_cost
14,57,153.44350404002762,193.32102399408365,0.819375,1,B_utilization_proxy_pdf_cost
15,58,151.45292333382113,199.10033659572795,0.83375,0,B_utilization_proxy_pdf_cost
16,58,151.45292333382113,199.10033659572795,0.83375,1,B_utilization_proxy_pdf_cost
17,59,148.91872528901175,205.82823027859595,0.8481249999999999,1,B_utilization_proxy_pdf_cost
18,60,148.58099047216865,216.5280784438372,0.8624999999999999,0,B_utilization_proxy_pdf_cost
19,60,148.58099047216865,216.5280784438372,0.8624999999999999,0,B_utilization_proxy_pdf_cost
20,60,148.58099047216865,216.5280784438372,0.8624999999999999,0,B_utilization_proxy_pdf_cost
21,60,148.58099047216865,216.5280784438372,0.8624999999999999,1,B_utilization_proxy_pdf_cost
22,61,147.89280132033358,228.98953668741896,0.876875,0,B_utilization_proxy_pdf_cost
23,61,147.89280132033358,228.98953668741896,0.876875,0,B_utilization_proxy_pdf_cost
24,61,147.89280132033358,228.98953668741896,0.876875,0,B_utilization_proxy_pdf_cost
25,61,147.89280132033358,228.98953668741896,0.876875,0,B_utilization_proxy_pdf_cost
26,61,147.89280132033358,228.98953668741896,0.876875,1,B_utilization_proxy_pdf_cost
27,62,147.65730688671067,244.41555038209148,0.8912499999999999,0,B_utilization_proxy_pdf_cost
28,62,147.65730688671067,244.41555038209148,0.8912499999999999,1,B_utilization_proxy_pdf_cost
29,61,146.84546843714654,227.94220380423192,0.876875,0,B_utilization_proxy_pdf_cost
30,61,146.84546843714654,227.94220380423192,0.876875,0,B_utilization_proxy_pdf_cost
31,61,146.84546843714654,227.94220380423192,0.876875,0,B_utilization_proxy_pdf_cost
32,61,146.84546843714654,227.94220380423192,0.876875,0,B_utilization_proxy_pdf_cost
33,61,146.84546843714654,227.94220380423192,0.876875,0,B_utilization_proxy_pdf_cost
34,61,146.84546843714654,227.94220380423192,0.876875,0,B_utilization_proxy_pdf_cost
35,61,146.84546843714654,227.94220380423192,0.876875,0,B_utilization_proxy_pdf_cost
36,61,146.84546843714654,227.94220380423192,0.876875,0,B_utilization_proxy_pdf_cost
37,61,146.84546843714654,227.94220380423192,0.876875,1,B_utilization_proxy_pdf_cost
38,60,146.23568324732057,214.18277121898907,0.8624999999999999,0,B_utilization_proxy_pdf_cost
39,60,146.23568324732057,214.18277121898907,0.8624999999999999,1,B_utilization_proxy_pdf_cost
40,59,145.98962333087533,202.89912832045957,0.8481249999999999,1,B_utilization_proxy_pdf_cost
41,60,144.55593983071017,212.50302780237868,0.8624999999999999,1,B_utilization_proxy_pdf_cost
42,61,144.30698092870628,225.4037162957917,0.876875,0,B_utilization_proxy_pdf_cost
43,61,144.30698092870628,225.4037162957917,0.876875,1,B_utilization_proxy_pdf_cost
44,62,143.94717859501583,240.70542209039664,0.8912499999999999,1,B_utilization_proxy_pdf_cost
45,63,142.8909216686388,258.2973396341954,0.9056249999999999,1,B_utilization_proxy_pdf_cost
46,62,142.61551080298344,239.37375429836428,0.8912499999999999,1,B_utilization_proxy_pdf_cost
47,63,142.580793376944,257.9872113425006,0.9056249999999999,0,B_utilization_proxy_pdf_cost
48,63,142.580793376944,257.9872113425006,0.9056249999999999,0,B_utilization_proxy_pdf_cost
49,63,142.580793376944,257.9872113425006,0.9056249999999999,0,B_utilization_proxy_pdf_cost
50,63,142.580793376944,257.9872113425006,0.9056249999999999,1,B_utilization_proxy_pdf_cost
51,62,142.27222923647435,239.03047273185516,0.8912499999999999,0,B_utilization_proxy_pdf_cost
52,62,142.27222923647435,239.03047273185516,0.8912499999999999,1,B_utilization_proxy_pdf_cost
53,61,142.11785196179204,223.21458732887746,0.876875,0,B_utilization_proxy_pdf_cost
54,61,142.11785196179204,223.21458732887746,0.876875,0,B_utilization_proxy_pdf_cost
55,61,142.11785196179204,223.21458732887746,0.876875,1,B_utilization_proxy_pdf_cost
56,62,141.97222923647433,238.73047273185514,0.8912499999999999,0,B_utilization_proxy_pdf_cost
57,62,141.97222923647433,238.73047273185514,0.8912499999999999,0,B_utilization_proxy_pdf_cost
58,62,141.97222923647433,238.73047273185514,0.8912499999999999,1,B_utilization_proxy_pdf_cost
59,61,141.43534014545173,222.53207551253715,0.876875,0,B_utilization_proxy_pdf_cost
60,61,141.43534014545173,222.53207551253715,0.876875,0,B_utilization_proxy_pdf_cost
61,61,141.43534014545173,222.53207551253715,0.876875,1,B_utilization_proxy_pdf_cost
62,62,140.46871809535347,237.22696159073428,0.8912499999999999,1,B_utilization_proxy_pdf_cost
63,61,139.9082638456543,221.0049992127397,0.876875,0,B_utilization_proxy_pdf_cost
64,61,139.9082638456543,221.0049992127397,0.876875,0,B_utilization_proxy_pdf_cost
65,61,139.9082638456543,221.0049992127397,0.876875,1,B_utilization_proxy_pdf_cost
66,62,139.23833322026906,235.99657671564987,0.8912499999999999,0,B_utilization_proxy_pdf_cost
67,62,139.23833322026906,235.99657671564987,0.8912499999999999,0,B_utilization_proxy_pdf_cost
68,62,139.23833322026906,235.99657671564987,0.8912499999999999,0,B_utilization_proxy_pdf_cost
69,62,139.23833322026906,235.99657671564987,0.8912499999999999,0,B_utilization_proxy_pdf_cost
70,62,139.23833322026906,235.99657671564987,0.8912499999999999,1,B_utilization_proxy_pdf_cost
71,61,139.10016121229845,220.19689657938386,0.876875,0,B_utilization_proxy_pdf_cost
72,61,139.10016121229845,220.19689657938386,0.876875,0,B_utilization_proxy_pdf_cost
73,61,139.10016121229845,220.19689657938386,0.876875,1,B_utilization_proxy_pdf_cost
74,62,138.05933254504959,234.81757604043042,0.8912499999999999,1,B_utilization_proxy_pdf_cost
75,61,138.0252118537569,219.12194722084234,0.876875,0,B_utilization_proxy_pdf_cost
76,61,138.0252118537569,219.12194722084234,0.876875,0,B_utilization_proxy_pdf_cost
77,61,138.0252118537569,219.12194722084234,0.876875,0,B_utilization_proxy_pdf_cost
78,61,138.0252118537569,219.12194722084234,0.876875,1,B_utilization_proxy_pdf_cost
79,62,137.9998457118288,234.75808920720962,0.8912499999999999,0,B_utilization_proxy_pdf_cost
80,62,137.9998457118288,234.75808920720962,0.8912499999999999,0,B_utilization_proxy_pdf_cost
81,62,137.9998457118288,234.75808920720962,0.8912499999999999,0,B_utilization_proxy_pdf_cost
82,62,137.9998457118288,234.75808920720962,0.8912499999999999,1,B_utilization_proxy_pdf_cost
83,63,137.66310262745043,253.06952059300704,0.9056249999999999,0,B_utilization_proxy_pdf_cost
84,63,137.66310262745043,253.06952059300704,0.9056249999999999,0,B_utilization_proxy_pdf_cost
85,63,137.66310262745043,253.06952059300704,0.9056249999999999,0,B_utilization_proxy_pdf_cost
86,63,137.66310262745043,253.06952059300704,0.9056249999999999,1,B_utilization_proxy_pdf_cost
87,62,136.84441019528595,233.60265369066676,0.8912499999999999,0,B_utilization_proxy_pdf_cost
88,62,136.84441019528595,233.60265369066676,0.8912499999999999,1,B_utilization_proxy_pdf_cost
89,63,136.50030721894265,251.9067251844993,0.9056249999999999,0,B_utilization_proxy_pdf_cost
90,63,136.50030721894265,251.9067251844993,0.9056249999999999,0,B_utilization_proxy_pdf_cost
91,63,136.50030721894265,251.9067251844993,0.9056249999999999,1,B_utilization_proxy_pdf_cost
92,62,136.34515293667687,233.10339643205768,0.8912499999999999,0,B_utilization_proxy_pdf_cost
93,62,136.34515293667687,233.10339643205768,0.8912499999999999,1,B_utilization_proxy_pdf_cost
94,63,135.4982815606037,250.90469952616033,0.9056249999999999,1,B_utilization_proxy_pdf_cost
95,62,134.95933254504962,231.71757604043043,0.8912499999999999,0,B_utilization_proxy_pdf_cost
96,62,134.95933254504962,231.71757604043043,0.8912499999999999,0,B_utilization_proxy_pdf_cost
97,62,134.95933254504962,231.71757604043043,0.8912499999999999,0,B_utilization_proxy_pdf_cost
98,62,134.95933254504962,231.71757604043043,0.8912499999999999,0,B_utilization_proxy_pdf_cost
99,62,134.95933254504962,231.71757604043043,0.8912499999999999,1,B_utilization_proxy_pdf_cost
100,61,134.81913487874002,215.91587024582546,0.876875,1,B_utilization_proxy_pdf_cost
101,60,134.63365758898158,202.58074556065012,0.8624999999999999,1,B_utilization_proxy_pdf_cost
102,61,133.62723751209586,214.72397287918133,0.876875,1,B_utilization_proxy_pdf_cost
103,62,133.3694608367444,230.12770433212523,0.8912499999999999,0,B_utilization_proxy_pdf_cost
104,62,133.3694608367444,230.12770433212523,0.8912499999999999,0,B_utilization_proxy_pdf_cost
105,62,133.3694608367444,230.12770433212523,0.8912499999999999,0,B_utilization_proxy_pdf_cost
106,62,133.3694608367444,230.12770433212523,0.8912499999999999,0,B_utilization_proxy_pdf_cost
107,62,133.3694608367444,230.12770433212523,0.8912499999999999,0,B_utilization_proxy_pdf_cost
108,62,133.3694608367444,230.12770433212523,0.8912499999999999,0,B_utilization_proxy_pdf_cost
109,62,133.3694608367444,230.12770433212523,0.8912499999999999,0,B_utilization_proxy_pdf_cost
110,62,133.3694608367444,230.12770433212523,0.8912499999999999,0,B_utilization_proxy_pdf_cost
111,62,133.3694608367444,230.12770433212523,0.8912499999999999,0,B_utilization_proxy_pdf_cost
112,62,133.3694608367444,230.12770433212523,0.8912499999999999,0,B_utilization_proxy_pdf_cost
113,62,133.3694608367444,230.12770433212523,0.8912499999999999,0,B_utilization_proxy_pdf_cost
114,62,133.3694608367444,230.12770433212523,0.8912499999999999,1,B_utilization_proxy_pdf_cost
115,61,132.571801995553,213.66853736263843,0.876875,0,B_utilization_proxy_pdf_cost
116,61,132.571801995553,213.66853736263843,0.876875,0,B_utilization_proxy_pdf_cost
117,61,132.571801995553,213.66853736263843,0.876875,0,B_utilization_proxy_pdf_cost
118,61,132.571801995553,213.66853736263843,0.876875,0,B_utilization_proxy_pdf_cost
119,61,132.571801995553,213.66853736263843,0.876875,0,B_utilization_proxy_pdf_cost
120,61,132.571801995553,213.66853736263843,0.876875,0,B_utilization_proxy_pdf_cost
121,61,132.571801995553,213.66853736263843,0.876875,1,B_utilization_proxy_pdf_cost
122,62,132.4363075619301,229.19455105731092,0.8912499999999999,0,B_utilization_proxy_pdf_cost
123,62,132.4363075619301,229.19455105731092,0.8912499999999999,0,B_utilization_proxy_pdf_cost
124,62,132.4363075619301,229.19455105731092,0.8912499999999999,0,B_utilization_proxy_pdf_cost
125,62,132.4363075619301,229.19455105731092,0.8912499999999999,0,B_utilization_proxy_pdf_cost
126,62,132.4363075619301,229.19455105731092,0.8912499999999999,0,B_utilization_proxy_pdf_cost
127,62,132.4363075619301,229.19455105731092,0.8912499999999999,0,B_utilization_proxy_pdf_cost
128,62,132.4363075619301,229.19455105731092,0.8912499999999999,0,B_utilization_proxy_pdf_cost
129,62,132.4363075619301,229.19455105731092,0.8912499999999999,0,B_utilization_proxy_pdf_cost
130,62,132.4363075619301,229.19455105731092,0.8912499999999999,0,B_utilization_proxy_pdf_cost
131,62,132.4363075619301,229.19455105731092,0.8912499999999999,0,B_utilization_proxy_pdf_cost
132,62,132.4363075619301,229.19455105731092,0.8912499999999999,0,B_utilization_proxy_pdf_cost
133,62,132.4363075619301,229.19455105731092,0.8912499999999999,0,B_utilization_proxy_pdf_cost
134,62,132.4363075619301,229.19455105731092,0.8912499999999999,1,B_utilization_proxy_pdf_cost
135,61,132.05485398745037,213.1515893545358,0.876875,0,B_utilization_proxy_pdf_cost
136,61,132.05485398745037,213.1515893545358,0.876875,0,B_utilization_proxy_pdf_cost
137,61,132.05485398745037,213.1515893545358,0.876875,0,B_utilization_proxy_pdf_cost
138,61,132.05485398745037,213.1515893545358,0.876875,1,B_utilization_proxy_pdf_cost
139,62,131.69302599542098,228.4512694908018,0.8912499999999999,0,B_utilization_proxy_pdf_cost
140,62,131.69302599542098,228.4512694908018,0.8912499999999999,0,B_utilization_proxy_pdf_cost
141,62,131.69302599542098,228.4512694908018,0.8912499999999999,0,B_utilization_proxy_pdf_cost
142,62,131.69302599542098,228.4512694908018,0.8912499999999999,1,B_utilization_proxy_pdf_cost
143,61,131.39739281256854,212.49412817965396,0.876875,0,B_utilization_proxy_pdf_cost
144,61,131.39739281256854,212.49412817965396,0.876875,0,B_utilization_proxy_pdf_cost
145,61,131.39739281256854,212.49412817965396,0.876875,0,B_utilization_proxy_pdf_cost
146,61,131.39739281256854,212.49412817965396,0.876875,1,B_utilization_proxy_pdf_cost
147,62,125.69505165375993,222.45329514914076,0.8912499999999999,0,B_utilization_proxy_pdf_cost
148,62,125.69505165375993,222.45329514914076,0.8912499999999999,0,B_utilization_proxy_pdf_cost
149,62,125.69505165375993,222.45329514914076,0.8912499999999999,0,B_utilization_proxy_pdf_cost
150,62,125.69505165375993,222.45329514914076,0.8912499999999999,0,B_utilization_proxy_pdf_cost
151,62,125.69505165375993,222.45329514914076,0.8912499999999999,1,B_utilization_proxy_pdf_cost
152,63,124.9562829110426,240.3627008765992,0.9056249999999999,0,B_utilization_proxy_pdf_cost
153,63,124.9562829110426,240.3627008765992,0.9056249999999999,1,B_utilization_proxy_pdf_cost
154,62,124.2072056037937,220.9654490991745,0.8912499999999999,0,B_utilization_proxy_pdf_cost
155,62,124.2072056037937,220.9654490991745,0.8912499999999999,0,B_utilization_proxy_pdf_cost
156,62,124.2072056037937,220.9654490991745,0.8912499999999999,0,B_utilization_proxy_pdf_cost
157,62,124.2072056037937,220.9654490991745,0.8912499999999999,0,B_utilization_proxy_pdf_cost
158,62,124.2072056037937,220.9654490991745,0.8912499999999999,1,B_utilization_proxy_pdf_cost
159,61,124.20421252897637,205.30094789606179,0.876875,0,B_utilization_proxy_pdf_cost
160,61,124.20421252897637,205.30094789606179,0.876875,0,B_utilization_proxy_pdf_cost
161,61,124.20421252897637,205.30094789606179,0.876875,0,B_utilization_proxy_pdf_cost
162,61,124.20421252897637,205.30094789606179,0.876875,0,B_utilization_proxy_pdf_cost
163,61,124.20421252897637,205.30094789606179,0.876875,1,B_utilization_proxy_pdf_cost
164,62,122.37756347010024,219.13580696548107,0.8912499999999999,0,B_utilization_proxy_pdf_cost
165,62,122.37756347010024,219.13580696548107,0.8912499999999999,0,B_utilization_proxy_pdf_cost
166,62,122.37756347010024,219.13580696548107,0.8912499999999999,0,B_utilization_proxy_pdf_cost
167,62,122.37756347010024,219.13580696548107,0.8912499999999999,0,B_utilization_proxy_pdf_cost
168,62,122.37756347010024,219.13580696548107,0.8912499999999999,0,B_utilization_proxy_pdf_cost
169,62,122.37756347010024,219.13580696548107,0.8912499999999999,0,B_utilization_proxy_pdf_cost
170,62,122.37756347010024,219.13580696548107,0.8912499999999999,0,B_utilization_proxy_pdf_cost
171,62,122.37756347010024,219.13580696548107,0.8912499999999999,0,B_utilization_proxy_pdf_cost
172,62,122.37756347010024,219.13580696548107,0.8912499999999999,1,B_utilization_proxy_pdf_cost
173,63,122.03751181043489,237.4439297759915,0.9056249999999999,1,B_utilization_proxy_pdf_cost
174,62,120.90463976989768,217.6628832652785,0.8912499999999999,0,B_utilization_proxy_pdf_cost
175,62,120.90463976989768,217.6628832652785,0.8912499999999999,0,B_utilization_proxy_pdf_cost
176,62,120.90463976989768,217.6628832652785,0.8912499999999999,0,B_utilization_proxy_pdf_cost
177,62,120.90463976989768,217.6628832652785,0.8912499999999999,0,B_utilization_proxy_pdf_cost
178,62,120.90463976989768,217.6628832652785,0.8912499999999999,1,B_utilization_proxy_pdf_cost
179,63,120.43548615209593,235.84190411765255,0.9056249999999999,0,B_utilization_proxy_pdf_cost
180,63,120.43548615209593,235.84190411765255,0.9056249999999999,0,B_utilization_proxy_pdf_cost
181,63,120.43548615209593,235.84190411765255,0.9056249999999999,0,B_utilization_proxy_pdf_cost
182,63,120.43548615209593,235.84190411765255,0.9056249999999999,0,B_utilization_proxy_pdf_cost
183,63,120.43548615209593,235.84190411765255,0.9056249999999999,0,B_utilization_proxy_pdf_cost
184,63,120.43548615209593,235.84190411765255,0.9056249999999999,1,B_utilization_proxy_pdf_cost
185,62,120.20666542823665,216.96490892361746,0.8912499999999999,0,B_utilization_proxy_pdf_cost
186,62,120.20666542823665,216.96490892361746,0.8912499999999999,0,B_utilization_proxy_pdf_cost
187,62,120.20666542823665,216.96490892361746,0.8912499999999999,0,B_utilization_proxy_pdf_cost
188,62,120.20666542823665,216.96490892361746,0.8912499999999999,0,B_utilization_proxy_pdf_cost
189,62,120.20666542823665,216.96490892361746,0.8912499999999999,0,B_utilization_proxy_pdf_cost
190,62,120.20666542823665,216.96490892361746,0.8912499999999999,0,B_utilization_proxy_pdf_cost
191,62,120.20666542823665,216.96490892361746,0.8912499999999999,0,B_utilization_proxy_pdf_cost
192,62,120.20666542823665,216.96490892361746,0.8912499999999999,0,B_utilization_proxy_pdf_cost
193,62,120.20666542823665,216.96490892361746,0.8912499999999999,0,B_utilization_proxy_pdf_cost
194,62,120.20666542823665,216.96490892361746,0.8912499999999999,0,B_utilization_proxy_pdf_cost
195,62,120.20666542823665,216.96490892361746,0.8912499999999999,0,B_utilization_proxy_pdf_cost
196,62,120.20666542823665,216.96490892361746,0.8912499999999999,0,B_utilization_proxy_pdf_cost
197,62,120.20666542823665,216.96490892361746,0.8912499999999999,0,B_utilization_proxy_pdf_cost
198,62,120.20666542823665,216.96490892361746,0.8912499999999999,0,B_utilization_proxy_pdf_cost
199,62,120.20666542823665,216.96490892361746,0.8912499999999999,0,B_utilization_proxy_pdf_cost
200,62,120.20666542823665,216.96490892361746,0.8912499999999999,0,B_utilization_proxy_pdf_cost
201,62,120.20666542823665,216.96490892361746,0.8912499999999999,0,B_utilization_proxy_pdf_cost
202,62,120.20666542823665,216.96490892361746,0.8912499999999999,0,B_utilization_proxy_pdf_cost
203,62,120.20666542823665,216.96490892361746,0.8912499999999999,0,B_utilization_proxy_pdf_cost
204,62,120.20666542823665,216.96490892361746,0.8912499999999999,0,B_utilization_proxy_pdf_cost
205,62,120.20666542823665,216.96490892361746,0.8912499999999999,0,B_utilization_proxy_pdf_cost
206,62,120.20666542823665,216.96490892361746,0.8912499999999999,0,B_utilization_proxy_pdf_cost
207,62,120.20666542823665,216.96490892361746,0.8912499999999999,0,B_utilization_proxy_pdf_cost
208,62,120.20666542823665,216.96490892361746,0.8912499999999999,0,B_utilization_proxy_pdf_cost
209,62,120.20666542823665,216.96490892361746,0.8912499999999999,0,B_utilization_proxy_pdf_cost
210,62,120.20666542823665,216.96490892361746,0.8912499999999999,0,B_utilization_proxy_pdf_cost
211,62,120.20666542823665,216.96490892361746,0.8912499999999999,0,B_utilization_proxy_pdf_cost
212,62,120.20666542823665,216.96490892361746,0.8912499999999999,0,B_utilization_proxy_pdf_cost
213,62,120.20666542823665,216.96490892361746,0.8912499999999999,0,B_utilization_proxy_pdf_cost
214,62,120.20666542823665,216.96490892361746,0.8912499999999999,0,B_utilization_proxy_pdf_cost
215,62,120.20666542823665,216.96490892361746,0.8912499999999999,0,B_utilization_proxy_pdf_cost
216,62,120.20666542823665,216.96490892361746,0.8912499999999999,0,B_utilization_proxy_pdf_cost
217,62,120.20666542823665,216.96490892361746,0.8912499999999999,0,B_utilization_proxy_pdf_cost
218,62,120.20666542823665,216.96490892361746,0.8912499999999999,1,B_utilization_proxy_pdf_cost
219,63,115.56384536884138,230.97026333439797,0.9056249999999999,0,B_utilization_proxy_pdf_cost
220,63,115.56384536884138,230.97026333439797,0.9056249999999999,0,B_utilization_proxy_pdf_cost
221,63,115.56384536884138,230.97026333439797,0.9056249999999999,1,B_utilization_proxy_pdf_cost
222,64,115.52881995200538,253.13386285659465,0.9199999999999999,0,B_utilization_proxy_pdf_cost
223,64,115.52881995200538,253.13386285659465,0.9199999999999999,0,B_utilization_proxy_pdf_cost
224,64,115.52881995200538,253.13386285659465,0.9199999999999999,0,B_utilization_proxy_pdf_cost
225,64,115.52881995200538,253.13386285659465,0.9199999999999999,0,B_utilization_proxy_pdf_cost
226,64,115.52881995200538,253.13386285659465,0.9199999999999999,0,B_utilization_proxy_pdf_cost
227,64,115.52881995200538,253.13386285659465,0.9199999999999999,1,B_utilization_proxy_pdf_cost
228,63,115.52333220206218,230.92975016761878,0.9056249999999999,0,B_utilization_proxy_pdf_cost
229,63,115.52333220206218,230.92975016761878,0.9056249999999999,0,B_utilization_proxy_pdf_cost
230,63,115.52333220206218,230.92975016761878,0.9056249999999999,0,B_utilization_proxy_pdf_cost
231,63,115.52333220206218,230.92975016761878,0.9056249999999999,0,B_utilization_proxy_pdf_cost
232,63,115.52333220206218,230.92975016761878,0.9056249999999999,0,B_utilization_proxy_pdf_cost
233,63,115.52333220206218,230.92975016761878,0.9056249999999999,0,B_utilization_proxy_pdf_cost
234,63,115.52333220206218,230.92975016761878,0.9056249999999999,0,B_utilization_proxy_pdf_cost
235,63,115.52333220206218,230.92975016761878,0.9056249999999999,0,B_utilization_proxy_pdf_cost
236,63,115.52333220206218,230.92975016761878,0.9056249999999999,0,B_utilization_proxy_pdf_cost
237,63,115.52333220206218,230.92975016761878,0.9056249999999999,0,B_utilization_proxy_pdf_cost
238,63,115.52333220206218,230.92975016761878,0.9056249999999999,0,B_utilization_proxy_pdf_cost
239,63,115.52333220206218,230.92975016761878,0.9056249999999999,0,B_utilization_proxy_pdf_cost
240,63,115.52333220206218,230.92975016761878,0.9056249999999999,1,B_utilization_proxy_pdf_cost
241,62,115.37351215342233,212.13175564880314,0.8912499999999999,0,B_utilization_proxy_pdf_cost
242,62,115.37351215342233,212.13175564880314,0.8912499999999999,0,B_utilization_proxy_pdf_cost
243,62,115.37351215342233,212.13175564880314,0.8912499999999999,0,B_utilization_proxy_pdf_cost
244,62,115.37351215342233,212.13175564880314,0.8912499999999999,0,B_utilization_proxy_pdf_cost
245,62,115.37351215342233,212.13175564880314,0.8912499999999999,0,B_utilization_proxy_pdf_cost
246,62,115.37351215342233,212.13175564880314,0.8912499999999999,0,B_utilization_proxy_pdf_cost
247,62,115.37351215342233,212.13175564880314,0.8912499999999999,0,B_utilization_proxy_pdf_cost
248,62,115.37351215342233,212.13175564880314,0.8912499999999999,0,B_utilization_proxy_pdf_cost
249,62,115.37351215342233,212.13175564880314,0.8912499999999999,1,B_utilization_proxy_pdf_cost
250,61,115.24749409548548,196.3442294625709,0.876875,1,B_utilization_proxy_pdf_cost
251,62,114.5998457118288,211.35808920720964,0.8912499999999999,0,B_utilization_proxy_pdf_cost
252,62,114.5998457118288,211.35808920720964,0.8912499999999999,0,B_utilization_proxy_pdf_cost
253,62,114.5998457118288,211.35808920720964,0.8912499999999999,0,B_utilization_proxy_pdf_cost
254,62,114.5998457118288,211.35808920720964,0.8912499999999999,0,B_utilization_proxy_pdf_cost
255,62,114.5998457118288,211.35808920720964,0.8912499999999999,0,B_utilization_proxy_pdf_cost
256,62,114.5998457118288,211.35808920720964,0.8912499999999999,0,B_utilization_proxy_pdf_cost
257,62,114.5998457118288,211.35808920720964,0.8912499999999999,0,B_utilization_proxy_pdf_cost
258,62,114.5998457118288,211.35808920720964,0.8912499999999999,0,B_utilization_proxy_pdf_cost
259,62,114.5998457118288,211.35808920720964,0.8912499999999999,0,B_utilization_proxy_pdf_cost
260,62,114.5998457118288,211.35808920720964,0.8912499999999999,0,B_utilization_proxy_pdf_cost
261,62,114.5998457118288,211.35808920720964,0.8912499999999999,0,B_utilization_proxy_pdf_cost
262,62,114.5998457118288,211.35808920720964,0.8912499999999999,0,B_utilization_proxy_pdf_cost
263,62,114.5998457118288,211.35808920720964,0.8912499999999999,0,B_utilization_proxy_pdf_cost
264,62,114.5998457118288,211.35808920720964,0.8912499999999999,0,B_utilization_proxy_pdf_cost
265,62,114.5998457118288,211.35808920720964,0.8912499999999999,0,B_utilization_proxy_pdf_cost
266,62,114.5998457118288,211.35808920720964,0.8912499999999999,0,B_utilization_proxy_pdf_cost
267,62,114.5998457118288,211.35808920720964,0.8912499999999999,0,B_utilization_proxy_pdf_cost
268,62,114.5998457118288,211.35808920720964,0.8912499999999999,0,B_utilization_proxy_pdf_cost
269,62,114.5998457118288,211.35808920720964,0.8912499999999999,0,B_utilization_proxy_pdf_cost
270,62,114.5998457118288,211.35808920720964,0.8912499999999999,0,B_utilization_proxy_pdf_cost
271,62,114.5998457118288,211.35808920720964,0.8912499999999999,0,B_utilization_proxy_pdf_cost
272,62,114.5998457118288,211.35808920720964,0.8912499999999999,0,B_utilization_proxy_pdf_cost
273,62,114.5998457118288,211.35808920720964,0.8912499999999999,0,B_utilization_proxy_pdf_cost
274,62,114.5998457118288,211.35808920720964,0.8912499999999999,1,B_utilization_proxy_pdf_cost
275,63,114.40638419395954,229.81280215951617,0.9056249999999999,0,B_utilization_proxy_pdf_cost
276,63,114.40638419395954,229.81280215951617,0.9056249999999999,0,B_utilization_proxy_pdf_cost
277,63,114.40638419395954,229.81280215951617,0.9056249999999999,0,B_utilization_proxy_pdf_cost
278,63,114.40638419395954,229.81280215951617,0.9056249999999999,0,B_utilization_proxy_pdf_cost
279,63,114.40638419395954,229.81280215951617,0.9056249999999999,0,B_utilization_proxy_pdf_cost
280,63,114.40638419395954,229.81280215951617,0.9056249999999999,0,B_utilization_proxy_pdf_cost
281,63,114.40638419395954,229.81280215951617,0.9056249999999999,0,B_utilization_proxy_pdf_cost
282,63,114.40638419395954,229.81280215951617,0.9056249999999999,0,B_utilization_proxy_pdf_cost
283,63,114.40638419395954,229.81280215951617,0.9056249999999999,1,B_utilization_proxy_pdf_cost
284,62,113.97756347010025,210.73580696548106,0.8912499999999999,0,B_utilization_proxy_pdf_cost
285,62,113.97756347010025,210.73580696548106,0.8912499999999999,0,B_utilization_proxy_pdf_cost
286,62,113.97756347010025,210.73580696548106,0.8912499999999999,0,B_utilization_proxy_pdf_cost
287,62,113.97756347010025,210.73580696548106,0.8912499999999999,0,B_utilization_proxy_pdf_cost
288,62,113.97756347010025,210.73580696548106,0.8912499999999999,0,B_utilization_proxy_pdf_cost
289,62,113.97756347010025,210.73580696548106,0.8912499999999999,0,B_utilization_proxy_pdf_cost
290,62,113.97756347010025,210.73580696548106,0.8912499999999999,0,B_utilization_proxy_pdf_cost
291,62,113.97756347010025,210.73580696548106,0.8912499999999999,0,B_utilization_proxy_pdf_cost
292,62,113.97756347010025,210.73580696548106,0.8912499999999999,0,B_utilization_proxy_pdf_cost
293,62,113.97756347010025,210.73580696548106,0.8912499999999999,0,B_utilization_proxy_pdf_cost
294,62,113.97756347010025,210.73580696548106,0.8912499999999999,0,B_utilization_proxy_pdf_cost
295,62,113.97756347010025,210.73580696548106,0.8912499999999999,0,B_utilization_proxy_pdf_cost
296,62,113.97756347010025,210.73580696548106,0.8912499999999999,0,B_utilization_proxy_pdf_cost
297,62,113.97756347010025,210.73580696548106,0.8912499999999999,0,B_utilization_proxy_pdf_cost
298,62,113.97756347010025,210.73580696548106,0.8912499999999999,0,B_utilization_proxy_pdf_cost
299,62,113.97756347010025,210.73580696548106,0.8912499999999999,0,B_utilization_proxy_pdf_cost
300,62,113.97756347010025,210.73580696548106,0.8912499999999999,0,B_utilization_proxy_pdf_cost
301,62,113.97756347010025,210.73580696548106,0.8912499999999999,0,B_utilization_proxy_pdf_cost
302,62,113.97756347010025,210.73580696548106,0.8912499999999999,0,B_utilization_proxy_pdf_cost
303,62,113.97756347010025,210.73580696548106,0.8912499999999999,0,B_utilization_proxy_pdf_cost
304,62,113.97756347010025,210.73580696548106,0.8912499999999999,0,B_utilization_proxy_pdf_cost
305,62,113.97756347010025,210.73580696548106,0.8912499999999999,0,B_utilization_proxy_pdf_cost
306,62,113.97756347010025,210.73580696548106,0.8912499999999999,0,B_utilization_proxy_pdf_cost
307,62,113.97756347010025,210.73580696548106,0.8912499999999999,0,B_utilization_proxy_pdf_cost
308,62,113.97756347010025,210.73580696548106,0.8912499999999999,0,B_utilization_proxy_pdf_cost
309,62,113.97756347010025,210.73580696548106,0.8912499999999999,0,B_utilization_proxy_pdf_cost
310,62,113.97756347010025,210.73580696548106,0.8912499999999999,0,B_utilization_proxy_pdf_cost
311,62,113.97756347010025,210.73580696548106,0.8912499999999999,0,B_utilization_proxy_pdf_cost
312,62,113.97756347010025,210.73580696548106,0.8912499999999999,0,B_utilization_proxy_pdf_cost
313,62,113.97756347010025,210.73580696548106,0.8912499999999999,0,B_utilization_proxy_pdf_cost
314,62,113.97756347010025,210.73580696548106,0.8912499999999999,0,B_utilization_proxy_pdf_cost
315,62,113.97756347010025,210.73580696548106,0.8912499999999999,0,B_utilization_proxy_pdf_cost
316,62,113.97756347010025,210.73580696548106,0.8912499999999999,0,B_utilization_proxy_pdf_cost
317,62,113.97756347010025,210.73580696548106,0.8912499999999999,0,B_utilization_proxy_pdf_cost
318,62,113.97756347010025,210.73580696548106,0.8912499999999999,0,B_utilization_proxy_pdf_cost
319,62,113.97756347010025,210.73580696548106,0.8912499999999999,0,B_utilization_proxy_pdf_cost
320,62,113.97756347010025,210.73580696548106,0.8912499999999999,0,B_utilization_proxy_pdf_cost
321,62,113.97756347010025,210.73580696548106,0.8912499999999999,0,B_utilization_proxy_pdf_cost
322,62,113.97756347010025,210.73580696548106,0.8912499999999999,0,B_utilization_proxy_pdf_cost
323,62,113.97756347010025,210.73580696548106,0.8912499999999999,0,B_utilization_proxy_pdf_cost
324,62,113.97756347010025,210.73580696548106,0.8912499999999999,0,B_utilization_proxy_pdf_cost
325,62,113.97756347010025,210.73580696548106,0.8912499999999999,0,B_utilization_proxy_pdf_cost
326,62,113.97756347010025,210.73580696548106,0.8912499999999999,0,B_utilization_proxy_pdf_cost
327,62,113.97756347010025,210.73580696548106,0.8912499999999999,0,B_utilization_proxy_pdf_cost
328,62,113.97756347010025,210.73580696548106,0.8912499999999999,0,B_utilization_proxy_pdf_cost
329,62,113.97756347010025,210.73580696548106,0.8912499999999999,0,B_utilization_proxy_pdf_cost
330,62,113.97756347010025,210.73580696548106,0.8912499999999999,0,B_utilization_proxy_pdf_cost
331,62,113.97756347010025,210.73580696548106,0.8912499999999999,0,B_utilization_proxy_pdf_cost
332,62,113.97756347010025,210.73580696548106,0.8912499999999999,0,B_utilization_proxy_pdf_cost
333,62,113.97756347010025,210.73580696548106,0.8912499999999999,0,B_utilization_proxy_pdf_cost
334,62,113.97756347010025,210.73580696548106,0.8912499999999999,0,B_utilization_proxy_pdf_cost
335,62,113.97756347010025,210.73580696548106,0.8912499999999999,0,B_utilization_proxy_pdf_cost
336,62,113.97756347010025,210.73580696548106,0.8912499999999999,0,B_utilization_proxy_pdf_cost
337,62,113.97756347010025,210.73580696548106,0.8912499999999999,0,B_utilization_proxy_pdf_cost
338,62,113.97756347010025,210.73580696548106,0.8912499999999999,0,B_utilization_proxy_pdf_cost
339,62,113.97756347010025,210.73580696548106,0.8912499999999999,0,B_utilization_proxy_pdf_cost
340,62,113.97756347010025,210.73580696548106,0.8912499999999999,0,B_utilization_proxy_pdf_cost
341,62,113.97756347010025,210.73580696548106,0.8912499999999999,0,B_utilization_proxy_pdf_cost
342,62,113.97756347010025,210.73580696548106,0.8912499999999999,0,B_utilization_proxy_pdf_cost
343,62,113.97756347010025,210.73580696548106,0.8912499999999999,0,B_utilization_proxy_pdf_cost
344,62,113.97756347010025,210.73580696548106,0.8912499999999999,0,B_utilization_proxy_pdf_cost
345,62,113.97756347010025,210.73580696548106,0.8912499999999999,0,B_utilization_proxy_pdf_cost
346,62,113.97756347010025,210.73580696548106,0.8912499999999999,0,B_utilization_proxy_pdf_cost
347,62,113.97756347010025,210.73580696548106,0.8912499999999999,0,B_utilization_proxy_pdf_cost
348,62,113.97756347010025,210.73580696548106,0.8912499999999999,0,B_utilization_proxy_pdf_cost
349,62,113.97756347010025,210.73580696548106,0.8912499999999999,0,B_utilization_proxy_pdf_cost
350,62,113.97756347010025,210.73580696548106,0.8912499999999999,0,B_utilization_proxy_pdf_cost
351,62,113.97756347010025,210.73580696548106,0.8912499999999999,0,B_utilization_proxy_pdf_cost
352,62,113.97756347010025,210.73580696548106,0.8912499999999999,0,B_utilization_proxy_pdf_cost
353,62,113.97756347010025,210.73580696548106,0.8912499999999999,0,B_utilization_proxy_pdf_cost
354,62,113.97756347010025,210.73580696548106,0.8912499999999999,0,B_utilization_proxy_pdf_cost
355,62,113.97756347010025,210.73580696548106,0.8912499999999999,0,B_utilization_proxy_pdf_cost
356,62,113.97756347010025,210.73580696548106,0.8912499999999999,0,B_utilization_proxy_pdf_cost
357,62,113.97756347010025,210.73580696548106,0.8912499999999999,0,B_utilization_proxy_pdf_cost
358,62,113.97756347010025,210.73580696548106,0.8912499999999999,0,B_utilization_proxy_pdf_cost
359,62,113.97756347010025,210.73580696548106,0.8912499999999999,0,B_utilization_proxy_pdf_cost
360,62,113.97756347010025,210.73580696548106,0.8912499999999999,0,B_utilization_proxy_pdf_cost
361,62,113.97756347010025,210.73580696548106,0.8912499999999999,0,B_utilization_proxy_pdf_cost
362,62,113.97756347010025,210.73580696548106,0.8912499999999999,0,B_utilization_proxy_pdf_cost
363,62,113.97756347010025,210.73580696548106,0.8912499999999999,0,B_utilization_proxy_pdf_cost
364,62,113.97756347010025,210.73580696548106,0.8912499999999999,0,B_utilization_proxy_pdf_cost
365,62,113.97756347010025,210.73580696548106,0.8912499999999999,0,B_utilization_proxy_pdf_cost
366,62,113.97756347010025,210.73580696548106,0.8912499999999999,0,B_utilization_proxy_pdf_cost
367,62,113.97756347010025,210.73580696548106,0.8912499999999999,0,B_utilization_proxy_pdf_cost
368,62,113.97756347010025,210.73580696548106,0.8912499999999999,0,B_utilization_proxy_pdf_cost
369,62,113.97756347010025,210.73580696548106,0.8912499999999999,0,B_utilization_proxy_pdf_cost
370,62,113.97756347010025,210.73580696548106,0.8912499999999999,0,B_utilization_proxy_pdf_cost
371,62,113.97756347010025,210.73580696548106,0.8912499999999999,0,B_utilization_proxy_pdf_cost
372,62,113.97756347010025,210.73580696548106,0.8912499999999999,0,B_utilization_proxy_pdf_cost
373,62,113.97756347010025,210.73580696548106,0.8912499999999999,0,B_utilization_proxy_pdf_cost
374,62,113.97756347010025,210.73580696548106,0.8912499999999999,0,B_utilization_proxy_pdf_cost
375,62,113.97756347010025,210.73580696548106,0.8912499999999999,0,B_utilization_proxy_pdf_cost
376,62,113.97756347010025,210.73580696548106,0.8912499999999999,0,B_utilization_proxy_pdf_cost
377,62,113.97756347010025,210.73580696548106,0.8912499999999999,0,B_utilization_proxy_pdf_cost
378,62,113.97756347010025,210.73580696548106,0.8912499999999999,0,B_utilization_proxy_pdf_cost
379,62,113.97756347010025,210.73580696548106,0.8912499999999999,0,B_utilization_proxy_pdf_cost
380,62,113.97756347010025,210.73580696548106,0.8912499999999999,0,B_utilization_proxy_pdf_cost
381,62,113.97756347010025,210.73580696548106,0.8912499999999999,0,B_utilization_proxy_pdf_cost
382,62,113.97756347010025,210.73580696548106,0.8912499999999999,0,B_utilization_proxy_pdf_cost
383,62,113.97756347010025,210.73580696548106,0.8912499999999999,0,B_utilization_proxy_pdf_cost
384,62,113.97756347010025,210.73580696548106,0.8912499999999999,0,B_utilization_proxy_pdf_cost
385,62,113.97756347010025,210.73580696548106,0.8912499999999999,1,B_utilization_proxy_pdf_cost
386,63,113.5144868273154,228.920904792872,0.9056249999999999,0,B_utilization_proxy_pdf_cost
387,63,113.5144868273154,228.920904792872,0.9056249999999999,0,B_utilization_proxy_pdf_cost
388,63,113.5144868273154,228.920904792872,0.9056249999999999,0,B_utilization_proxy_pdf_cost
389,63,113.5144868273154,228.920904792872,0.9056249999999999,0,B_utilization_proxy_pdf_cost
390,63,113.5144868273154,228.920904792872,0.9056249999999999,0,B_utilization_proxy_pdf_cost
391,63,113.5144868273154,228.920904792872,0.9056249999999999,0,B_utilization_proxy_pdf_cost
392,63,113.5144868273154,228.920904792872,0.9056249999999999,0,B_utilization_proxy_pdf_cost
393,63,113.5144868273154,228.920904792872,0.9056249999999999,0,B_utilization_proxy_pdf_cost
394,63,113.5144868273154,228.920904792872,0.9056249999999999,0,B_utilization_proxy_pdf_cost
395,63,113.5144868273154,228.920904792872,0.9056249999999999,0,B_utilization_proxy_pdf_cost
396,63,113.5144868273154,228.920904792872,0.9056249999999999,0,B_utilization_proxy_pdf_cost
397,63,113.5144868273154,228.920904792872,0.9056249999999999,0,B_utilization_proxy_pdf_cost
398,63,113.5144868273154,228.920904792872,0.9056249999999999,0,B_utilization_proxy_pdf_cost
399,63,113.5144868273154,228.920904792872,0.9056249999999999,0,B_utilization_proxy_pdf_cost
400,63,113.5144868273154,228.920904792872,0.9056249999999999,1,B_utilization_proxy_pdf_cost
401,62,113.34920425335481,210.1074477487356,0.8912499999999999,0,B_utilization_proxy_pdf_cost
402,62,113.34920425335481,210.1074477487356,0.8912499999999999,0,B_utilization_proxy_pdf_cost
403,62,113.34920425335481,210.1074477487356,0.8912499999999999,1,B_utilization_proxy_pdf_cost
404,61,113.2961098956205,194.39284526270598,0.876875,0,B_utilization_proxy_pdf_cost
405,61,113.2961098956205,194.39284526270598,0.876875,0,B_utilization_proxy_pdf_cost
406,61,113.2961098956205,194.39284526270598,0.876875,0,B_utilization_proxy_pdf_cost
407,61,113.2961098956205,194.39284526270598,0.876875,0,B_utilization_proxy_pdf_cost
408,61,113.2961098956205,194.39284526270598,0.876875,0,B_utilization_proxy_pdf_cost
409,61,113.2961098956205,194.39284526270598,0.876875,0,B_utilization_proxy_pdf_cost
410,61,113.2961098956205,194.39284526270598,0.876875,0,B_utilization_proxy_pdf_cost
411,61,113.2961098956205,194.39284526270598,0.876875,0,B_utilization_proxy_pdf_cost
412,61,113.2961098956205,194.39284526270598,0.876875,0,B_utilization_proxy_pdf_cost
413,61,113.2961098956205,194.39284526270598,0.876875,0,B_utilization_proxy_pdf_cost
414,61,113.2961098956205,194.39284526270598,0.876875,1,B_utilization_proxy_pdf_cost
415,62,112.62617927023528,209.3844227656161,0.8912499999999999,0,B_utilization_proxy_pdf_cost
416,62,112.62617927023528,209.3844227656161,0.8912499999999999,0,B_utilization_proxy_pdf_cost
417,62,112.62617927023528,209.3844227656161,0.8912499999999999,0,B_utilization_proxy_pdf_cost
418,62,112.62617927023528,209.3844227656161,0.8912499999999999,0,B_utilization_proxy_pdf_cost
419,62,112.62617927023528,209.3844227656161,0.8912499999999999,0,B_utilization_proxy_pdf_cost
420,62,112.62617927023528,209.3844227656161,0.8912499999999999,0,B_utilization_proxy_pdf_cost
421,62,112.62617927023528,209.3844227656161,0.8912499999999999,0,B_utilization_proxy_pdf_cost
422,62,112.62617927023528,209.3844227656161,0.8912499999999999,0,B_utilization_proxy_pdf_cost
423,62,112.62617927023528,209.3844227656161,0.8912499999999999,0,B_utilization_proxy_pdf_cost
424,62,112.62617927023528,209.3844227656161,0.8912499999999999,0,B_utilization_proxy_pdf_cost
425,62,112.62617927023528,209.3844227656161,0.8912499999999999,0,B_utilization_proxy_pdf_cost
426,62,112.62617927023528,209.3844227656161,0.8912499999999999,0,B_utilization_proxy_pdf_cost
427,62,112.62617927023528,209.3844227656161,0.8912499999999999,0,B_utilization_proxy_pdf_cost
428,62,112.62617927023528,209.3844227656161,0.8912499999999999,0,B_utilization_proxy_pdf_cost
429,62,112.62617927023528,209.3844227656161,0.8912499999999999,0,B_utilization_proxy_pdf_cost
430,62,112.62617927023528,209.3844227656161,0.8912499999999999,0,B_utilization_proxy_pdf_cost
431,62,112.62617927023528,209.3844227656161,0.8912499999999999,0,B_utilization_proxy_pdf_cost
432,62,112.62617927023528,209.3844227656161,0.8912499999999999,0,B_utilization_proxy_pdf_cost
433,62,112.62617927023528,209.3844227656161,0.8912499999999999,0,B_utilization_proxy_pdf_cost
434,62,112.62617927023528,209.3844227656161,0.8912499999999999,0,B_utilization_proxy_pdf_cost
435,62,112.62617927023528,209.3844227656161,0.8912499999999999,0,B_utilization_proxy_pdf_cost
436,62,112.62617927023528,209.3844227656161,0.8912499999999999,0,B_utilization_proxy_pdf_cost
437,62,112.62617927023528,209.3844227656161,0.8912499999999999,0,B_utilization_proxy_pdf_cost
438,62,112.62617927023528,209.3844227656161,0.8912499999999999,0,B_utilization_proxy_pdf_cost
439,62,112.62617927023528,209.3844227656161,0.8912499999999999,0,B_utilization_proxy_pdf_cost
440,62,112.62617927023528,209.3844227656161,0.8912499999999999,0,B_utilization_proxy_pdf_cost
441,62,112.62617927023528,209.3844227656161,0.8912499999999999,0,B_utilization_proxy_pdf_cost
442,62,112.62617927023528,209.3844227656161,0.8912499999999999,0,B_utilization_proxy_pdf_cost
443,62,112.62617927023528,209.3844227656161,0.8912499999999999,0,B_utilization_proxy_pdf_cost
444,62,112.62617927023528,209.3844227656161,0.8912499999999999,0,B_utilization_proxy_pdf_cost
445,62,112.62617927023528,209.3844227656161,0.8912499999999999,0,B_utilization_proxy_pdf_cost
446,62,112.62617927023528,209.3844227656161,0.8912499999999999,0,B_utilization_proxy_pdf_cost
447,62,112.62617927023528,209.3844227656161,0.8912499999999999,0,B_utilization_proxy_pdf_cost
448,62,112.62617927023528,209.3844227656161,0.8912499999999999,0,B_utilization_proxy_pdf_cost
449,62,112.62617927023528,209.3844227656161,0.8912499999999999,0,B_utilization_proxy_pdf_cost
450,62,112.62617927023528,209.3844227656161,0.8912499999999999,0,B_utilization_proxy_pdf_cost
451,62,112.62617927023528,209.3844227656161,0.8912499999999999,0,B_utilization_proxy_pdf_cost
452,62,112.62617927023528,209.3844227656161,0.8912499999999999,0,B_utilization_proxy_pdf_cost
453,62,112.62617927023528,209.3844227656161,0.8912499999999999,0,B_utilization_proxy_pdf_cost
454,62,112.62617927023528,209.3844227656161,0.8912499999999999,0,B_utilization_proxy_pdf_cost
455,62,112.62617927023528,209.3844227656161,0.8912499999999999,0,B_utilization_proxy_pdf_cost
456,62,112.62617927023528,209.3844227656161,0.8912499999999999,0,B_utilization_proxy_pdf_cost
457,62,112.62617927023528,209.3844227656161,0.8912499999999999,0,B_utilization_proxy_pdf_cost
458,62,112.62617927023528,209.3844227656161,0.8912499999999999,0,B_utilization_proxy_pdf_cost
459,62,112.62617927023528,209.3844227656161,0.8912499999999999,0,B_utilization_proxy_pdf_cost
460,62,112.62617927023528,209.3844227656161,0.8912499999999999,0,B_utilization_proxy_pdf_cost
461,62,112.62617927023528,209.3844227656161,0.8912499999999999,0,B_utilization_proxy_pdf_cost
462,62,112.62617927023528,209.3844227656161,0.8912499999999999,0,B_utilization_proxy_pdf_cost
463,62,112.62617927023528,209.3844227656161,0.8912499999999999,0,B_utilization_proxy_pdf_cost
464,62,112.62617927023528,209.3844227656161,0.8912499999999999,0,B_utilization_proxy_pdf_cost
465,62,112.62617927023528,209.3844227656161,0.8912499999999999,0,B_utilization_proxy_pdf_cost
466,62,112.62617927023528,209.3844227656161,0.8912499999999999,0,B_utilization_proxy_pdf_cost
467,62,112.62617927023528,209.3844227656161,0.8912499999999999,0,B_utilization_proxy_pdf_cost
468,62,112.62617927023528,209.3844227656161,0.8912499999999999,0,B_utilization_proxy_pdf_cost
469,62,112.62617927023528,209.3844227656161,0.8912499999999999,0,B_utilization_proxy_pdf_cost
470,62,112.62617927023528,209.3844227656161,0.8912499999999999,0,B_utilization_proxy_pdf_cost
471,62,112.62617927023528,209.3844227656161,0.8912499999999999,0,B_utilization_proxy_pdf_cost
472,62,112.62617927023528,209.3844227656161,0.8912499999999999,0,B_utilization_proxy_pdf_cost
473,62,112.62617927023528,209.3844227656161,0.8912499999999999,0,B_utilization_proxy_pdf_cost
474,62,112.62617927023528,209.3844227656161,0.8912499999999999,0,B_utilization_proxy_pdf_cost
475,62,112.62617927023528,209.3844227656161,0.8912499999999999,0,B_utilization_proxy_pdf_cost
476,62,112.62617927023528,209.3844227656161,0.8912499999999999,0,B_utilization_proxy_pdf_cost
477,62,112.62617927023528,209.3844227656161,0.8912499999999999,0,B_utilization_proxy_pdf_cost
478,62,112.62617927023528,209.3844227656161,0.8912499999999999,0,B_utilization_proxy_pdf_cost
479,62,112.62617927023528,209.3844227656161,0.8912499999999999,0,B_utilization_proxy_pdf_cost
480,62,112.62617927023528,209.3844227656161,0.8912499999999999,0,B_utilization_proxy_pdf_cost
481,62,112.62617927023528,209.3844227656161,0.8912499999999999,0,B_utilization_proxy_pdf_cost
482,62,112.62617927023528,209.3844227656161,0.8912499999999999,0,B_utilization_proxy_pdf_cost
483,62,112.62617927023528,209.3844227656161,0.8912499999999999,0,B_utilization_proxy_pdf_cost
484,62,112.62617927023528,209.3844227656161,0.8912499999999999,0,B_utilization_proxy_pdf_cost
485,62,112.62617927023528,209.3844227656161,0.8912499999999999,0,B_utilization_proxy_pdf_cost
486,62,112.62617927023528,209.3844227656161,0.8912499999999999,0,B_utilization_proxy_pdf_cost
487,62,112.62617927023528,209.3844227656161,0.8912499999999999,0,B_utilization_proxy_pdf_cost
488,62,112.62617927023528,209.3844227656161,0.8912499999999999,0,B_utilization_proxy_pdf_cost
489,62,112.62617927023528,209.3844227656161,0.8912499999999999,0,B_utilization_proxy_pdf_cost
490,62,112.62617927023528,209.3844227656161,0.8912499999999999,0,B_utilization_proxy_pdf_cost
491,62,112.62617927023528,209.3844227656161,0.8912499999999999,0,B_utilization_proxy_pdf_cost
492,62,112.62617927023528,209.3844227656161,0.8912499999999999,0,B_utilization_proxy_pdf_cost
493,62,112.62617927023528,209.3844227656161,0.8912499999999999,0,B_utilization_proxy_pdf_cost
494,62,112.62617927023528,209.3844227656161,0.8912499999999999,0,B_utilization_proxy_pdf_cost
495,62,112.62617927023528,209.3844227656161,0.8912499999999999,0,B_utilization_proxy_pdf_cost
496,62,112.62617927023528,209.3844227656161,0.8912499999999999,0,B_utilization_proxy_pdf_cost
497,62,112.62617927023528,209.3844227656161,0.8912499999999999,0,B_utilization_proxy_pdf_cost
498,62,112.62617927023528,209.3844227656161,0.8912499999999999,0,B_utilization_proxy_pdf_cost
499,62,112.62617927023528,209.3844227656161,0.8912499999999999,0,B_utilization_proxy_pdf_cost
500,62,112.62617927023528,209.3844227656161,0.8912499999999999,0,B_utilization_proxy_pdf_cost
501,62,112.62617927023528,209.3844227656161,0.8912499999999999,0,B_utilization_proxy_pdf_cost
502,62,112.62617927023528,209.3844227656161,0.8912499999999999,0,B_utilization_proxy_pdf_cost
503,62,112.62617927023528,209.3844227656161,0.8912499999999999,0,B_utilization_proxy_pdf_cost
504,62,112.62617927023528,209.3844227656161,0.8912499999999999,0,B_utilization_proxy_pdf_cost
505,62,112.62617927023528,209.3844227656161,0.8912499999999999,0,B_utilization_proxy_pdf_cost
506,62,112.62617927023528,209.3844227656161,0.8912499999999999,0,B_utilization_proxy_pdf_cost
507,62,112.62617927023528,209.3844227656161,0.8912499999999999,0,B_utilization_proxy_pdf_cost
508,62,112.62617927023528,209.3844227656161,0.8912499999999999,0,B_utilization_proxy_pdf_cost
509,62,112.62617927023528,209.3844227656161,0.8912499999999999,0,B_utilization_proxy_pdf_cost
510,62,112.62617927023528,209.3844227656161,0.8912499999999999,0,B_utilization_proxy_pdf_cost
511,62,112.62617927023528,209.3844227656161,0.8912499999999999,0,B_utilization_proxy_pdf_cost
512,62,112.62617927023528,209.3844227656161,0.8912499999999999,0,B_utilization_proxy_pdf_cost
513,62,112.62617927023528,209.3844227656161,0.8912499999999999,0,B_utilization_proxy_pdf_cost
514,62,112.62617927023528,209.3844227656161,0.8912499999999999,0,B_utilization_proxy_pdf_cost
515,62,112.62617927023528,209.3844227656161,0.8912499999999999,0,B_utilization_proxy_pdf_cost
516,62,112.62617927023528,209.3844227656161,0.8912499999999999,0,B_utilization_proxy_pdf_cost
517,62,112.62617927023528,209.3844227656161,0.8912499999999999,0,B_utilization_proxy_pdf_cost
518,62,112.62617927023528,209.3844227656161,0.8912499999999999,0,B_utilization_proxy_pdf_cost
519,62,112.62617927023528,209.3844227656161,0.8912499999999999,0,B_utilization_proxy_pdf_cost
520,62,112.62617927023528,209.3844227656161,0.8912499999999999,0,B_utilization_proxy_pdf_cost
521,62,112.62617927023528,209.3844227656161,0.8912499999999999,0,B_utilization_proxy_pdf_cost
522,62,112.62617927023528,209.3844227656161,0.8912499999999999,0,B_utilization_proxy_pdf_cost
523,62,112.62617927023528,209.3844227656161,0.8912499999999999,0,B_utilization_proxy_pdf_cost
524,62,112.62617927023528,209.3844227656161,0.8912499999999999,0,B_utilization_proxy_pdf_cost
525,62,112.62617927023528,209.3844227656161,0.8912499999999999,0,B_utilization_proxy_pdf_cost
526,62,112.62617927023528,209.3844227656161,0.8912499999999999,0,B_utilization_proxy_pdf_cost
527,62,112.62617927023528,209.3844227656161,0.8912499999999999,0,B_utilization_proxy_pdf_cost
528,62,112.62617927023528,209.3844227656161,0.8912499999999999,0,B_utilization_proxy_pdf_cost
529,62,112.62617927023528,209.3844227656161,0.8912499999999999,0,B_utilization_proxy_pdf_cost
530,62,112.62617927023528,209.3844227656161,0.8912499999999999,0,B_utilization_proxy_pdf_cost
531,62,112.62617927023528,209.3844227656161,0.8912499999999999,0,B_utilization_proxy_pdf_cost
532,62,112.62617927023528,209.3844227656161,0.8912499999999999,0,B_utilization_proxy_pdf_cost
533,62,112.62617927023528,209.3844227656161,0.8912499999999999,0,B_utilization_proxy_pdf_cost
534,62,112.62617927023528,209.3844227656161,0.8912499999999999,0,B_utilization_proxy_pdf_cost
535,62,112.62617927023528,209.3844227656161,0.8912499999999999,0,B_utilization_proxy_pdf_cost
536,62,112.62617927023528,209.3844227656161,0.8912499999999999,0,B_utilization_proxy_pdf_cost
537,62,112.62617927023528,209.3844227656161,0.8912499999999999,0,B_utilization_proxy_pdf_cost
538,62,112.62617927023528,209.3844227656161,0.8912499999999999,0,B_utilization_proxy_pdf_cost
539,62,112.62617927023528,209.3844227656161,0.8912499999999999,0,B_utilization_proxy_pdf_cost
540,62,112.62617927023528,209.3844227656161,0.8912499999999999,0,B_utilization_proxy_pdf_cost
541,62,112.62617927023528,209.3844227656161,0.8912499999999999,0,B_utilization_proxy_pdf_cost
542,62,112.62617927023528,209.3844227656161,0.8912499999999999,0,B_utilization_proxy_pdf_cost
543,62,112.62617927023528,209.3844227656161,0.8912499999999999,0,B_utilization_proxy_pdf_cost
544,62,112.62617927023528,209.3844227656161,0.8912499999999999,0,B_utilization_proxy_pdf_cost
545,62,112.62617927023528,209.3844227656161,0.8912499999999999,0,B_utilization_proxy_pdf_cost
546,62,112.62617927023528,209.3844227656161,0.8912499999999999,0,B_utilization_proxy_pdf_cost
547,62,112.62617927023528,209.3844227656161,0.8912499999999999,0,B_utilization_proxy_pdf_cost
548,62,112.62617927023528,209.3844227656161,0.8912499999999999,0,B_utilization_proxy_pdf_cost
549,62,112.62617927023528,209.3844227656161,0.8912499999999999,0,B_utilization_proxy_pdf_cost
550,62,112.62617927023528,209.3844227656161,0.8912499999999999,0,B_utilization_proxy_pdf_cost
551,62,112.62617927023528,209.3844227656161,0.8912499999999999,0,B_utilization_proxy_pdf_cost
552,62,112.62617927023528,209.3844227656161,0.8912499999999999,0,B_utilization_proxy_pdf_cost
553,62,112.62617927023528,209.3844227656161,0.8912499999999999,0,B_utilization_proxy_pdf_cost
554,62,112.62617927023528,209.3844227656161,0.8912499999999999,0,B_utilization_proxy_pdf_cost
555,62,112.62617927023528,209.3844227656161,0.8912499999999999,0,B_utilization_proxy_pdf_cost
556,62,112.62617927023528,209.3844227656161,0.8912499999999999,0,B_utilization_proxy_pdf_cost
557,62,112.62617927023528,209.3844227656161,0.8912499999999999,0,B_utilization_proxy_pdf_cost
558,62,112.62617927023528,209.3844227656161,0.8912499999999999,0,B_utilization_proxy_pdf_cost
559,62,112.62617927023528,209.3844227656161,0.8912499999999999,0,B_utilization_proxy_pdf_cost
560,62,112.62617927023528,209.3844227656161,0.8912499999999999,0,B_utilization_proxy_pdf_cost
561,62,112.62617927023528,209.3844227656161,0.8912499999999999,0,B_utilization_proxy_pdf_cost
562,62,112.62617927023528,209.3844227656161,0.8912499999999999,0,B_utilization_proxy_pdf_cost
563,62,112.62617927023528,209.3844227656161,0.8912499999999999,0,B_utilization_proxy_pdf_cost
564,62,112.62617927023528,209.3844227656161,0.8912499999999999,0,B_utilization_proxy_pdf_cost
565,62,112.62617927023528,209.3844227656161,0.8912499999999999,0,B_utilization_proxy_pdf_cost
566,62,112.62617927023528,209.3844227656161,0.8912499999999999,0,B_utilization_proxy_pdf_cost
567,62,112.62617927023528,209.3844227656161,0.8912499999999999,0,B_utilization_proxy_pdf_cost
568,62,112.62617927023528,209.3844227656161,0.8912499999999999,0,B_utilization_proxy_pdf_cost
569,62,112.62617927023528,209.3844227656161,0.8912499999999999,0,B_utilization_proxy_pdf_cost
570,62,112.62617927023528,209.3844227656161,0.8912499999999999,1,B_utilization_proxy_pdf_cost
571,61,111.67585331223091,192.77258867931639,0.876875,0,B_utilization_proxy_pdf_cost
572,61,111.67585331223091,192.77258867931639,0.876875,0,B_utilization_proxy_pdf_cost
573,61,111.67585331223091,192.77258867931639,0.876875,0,B_utilization_proxy_pdf_cost
574,61,111.67585331223091,192.77258867931639,0.876875,0,B_utilization_proxy_pdf_cost
575,61,111.67585331223091,192.77258867931639,0.876875,0,B_utilization_proxy_pdf_cost
576,61,111.67585331223091,192.77258867931639,0.876875,0,B_utilization_proxy_pdf_cost
577,61,111.67585331223091,192.77258867931639,0.876875,0,B_utilization_proxy_pdf_cost
578,61,111.67585331223091,192.77258867931639,0.876875,0,B_utilization_proxy_pdf_cost
579,61,111.67585331223091,192.77258867931639,0.876875,0,B_utilization_proxy_pdf_cost
580,61,111.67585331223091,192.77258867931639,0.876875,0,B_utilization_proxy_pdf_cost
581,61,111.67585331223091,192.77258867931639,0.876875,0,B_utilization_proxy_pdf_cost
582,61,111.67585331223091,192.77258867931639,0.876875,0,B_utilization_proxy_pdf_cost
583,61,111.67585331223091,192.77258867931639,0.876875,0,B_utilization_proxy_pdf_cost
584,61,111.67585331223091,192.77258867931639,0.876875,0,B_utilization_proxy_pdf_cost
585,61,111.67585331223091,192.77258867931639,0.876875,0,B_utilization_proxy_pdf_cost
586,61,111.67585331223091,192.77258867931639,0.876875,0,B_utilization_proxy_pdf_cost
587,61,111.67585331223091,192.77258867931639,0.876875,0,B_utilization_proxy_pdf_cost
588,61,111.67585331223091,192.77258867931639,0.876875,0,B_utilization_proxy_pdf_cost
589,61,111.67585331223091,192.77258867931639,0.876875,0,B_utilization_proxy_pdf_cost
590,61,111.67585331223091,192.77258867931639,0.876875,0,B_utilization_proxy_pdf_cost
591,61,111.67585331223091,192.77258867931639,0.876875,0,B_utilization_proxy_pdf_cost
592,61,111.67585331223091,192.77258867931639,0.876875,0,B_utilization_proxy_pdf_cost
593,61,111.67585331223091,192.77258867931639,0.876875,0,B_utilization_proxy_pdf_cost
594,61,111.67585331223091,192.77258867931639,0.876875,0,B_utilization_proxy_pdf_cost
595,61,111.67585331223091,192.77258867931639,0.876875,0,B_utilization_proxy_pdf_cost
596,61,111.67585331223091,192.77258867931639,0.876875,0,B_utilization_proxy_pdf_cost
597,61,111.67585331223091,192.77258867931639,0.876875,0,B_utilization_proxy_pdf_cost
598,61,111.67585331223091,192.77258867931639,0.876875,0,B_utilization_proxy_pdf_cost
599,61,111.67585331223091,192.77258867931639,0.876875,0,B_utilization_proxy_pdf_cost
600,61,111.67585331223091,192.77258867931639,0.876875,1,B_utilization_proxy_pdf_cost
601,62,111.5302305869132,208.28847408229404,0.8912499999999999,0,B_utilization_proxy_pdf_cost
602,62,111.5302305869132,208.28847408229404,0.8912499999999999,0,B_utilization_proxy_pdf_cost
603,62,111.5302305869132,208.28847408229404,0.8912499999999999,0,B_utilization_proxy_pdf_cost
604,62,111.5302305869132,208.28847408229404,0.8912499999999999,0,B_utilization_proxy_pdf_cost
605,62,111.5302305869132,208.28847408229404,0.8912499999999999,0,B_utilization_proxy_pdf_cost
606,62,111.5302305869132,208.28847408229404,0.8912499999999999,0,B_utilization_proxy_pdf_cost
607,62,111.5302305869132,208.28847408229404,0.8912499999999999,0,B_utilization_proxy_pdf_cost
608,62,111.5302305869132,208.28847408229404,0.8912499999999999,0,B_utilization_proxy_pdf_cost
609,62,111.5302305869132,208.28847408229404,0.8912499999999999,0,B_utilization_proxy_pdf_cost
610,62,111.5302305869132,208.28847408229404,0.8912499999999999,0,B_utilization_proxy_pdf_cost
611,62,111.5302305869132,208.28847408229404,0.8912499999999999,0,B_utilization_proxy_pdf_cost
612,62,111.5302305869132,208.28847408229404,0.8912499999999999,0,B_utilization_proxy_pdf_cost
613,62,111.5302305869132,208.28847408229404,0.8912499999999999,0,B_utilization_proxy_pdf_cost
614,62,111.5302305869132,208.28847408229404,0.8912499999999999,0,B_utilization_proxy_pdf_cost
615,62,111.5302305869132,208.28847408229404,0.8912499999999999,0,B_utilization_proxy_pdf_cost
616,62,111.5302305869132,208.28847408229404,0.8912499999999999,0,B_utilization_proxy_pdf_cost
617,62,111.5302305869132,208.28847408229404,0.8912499999999999,0,B_utilization_proxy_pdf_cost
618,62,111.5302305869132,208.28847408229404,0.8912499999999999,0,B_utilization_proxy_pdf_cost
619,62,111.5302305869132,208.28847408229404,0.8912499999999999,0,B_utilization_proxy_pdf_cost
620,62,111.5302305869132,208.28847408229404,0.8912499999999999,0,B_utilization_proxy_pdf_cost
621,62,111.5302305869132,208.28847408229404,0.8912499999999999,0,B_utilization_proxy_pdf_cost
622,62,111.5302305869132,208.28847408229404,0.8912499999999999,0,B_utilization_proxy_pdf_cost
623,62,111.5302305869132,208.28847408229404,0.8912499999999999,0,B_utilization_proxy_pdf_cost
624,62,111.5302305869132,208.28847408229404,0.8912499999999999,0,B_utilization_proxy_pdf_cost
625,62,111.5302305869132,208.28847408229404,0.8912499999999999,0,B_utilization_proxy_pdf_cost
626,62,111.5302305869132,208.28847408229404,0.8912499999999999,0,B_utilization_proxy_pdf_cost
627,62,111.5302305869132,208.28847408229404,0.8912499999999999,0,B_utilization_proxy_pdf_cost
628,62,111.5302305869132,208.28847408229404,0.8912499999999999,0,B_utilization_proxy_pdf_cost
629,62,111.5302305869132,208.28847408229404,0.8912499999999999,0,B_utilization_proxy_pdf_cost
630,62,111.5302305869132,208.28847408229404,0.8912499999999999,0,B_utilization_proxy_pdf_cost
631,62,111.5302305869132,208.28847408229404,0.8912499999999999,0,B_utilization_proxy_pdf_cost
632,62,111.5302305869132,208.28847408229404,0.8912499999999999,0,B_utilization_proxy_pdf_cost
633,62,111.5302305869132,208.28847408229404,0.8912499999999999,0,B_utilization_proxy_pdf_cost
634,62,111.5302305869132,208.28847408229404,0.8912499999999999,0,B_utilization_proxy_pdf_cost
635,62,111.5302305869132,208.28847408229404,0.8912499999999999,0,B_utilization_proxy_pdf_cost
636,62,111.5302305869132,208.28847408229404,0.8912499999999999,0,B_utilization_proxy_pdf_cost
637,62,111.5302305869132,208.28847408229404,0.8912499999999999,0,B_utilization_proxy_pdf_cost
638,62,111.5302305869132,208.28847408229404,0.8912499999999999,0,B_utilization_proxy_pdf_cost
639,62,111.5302305869132,208.28847408229404,0.8912499999999999,0,B_utilization_proxy_pdf_cost
640,62,111.5302305869132,208.28847408229404,0.8912499999999999,0,B_utilization_proxy_pdf_cost
641,62,111.5302305869132,208.28847408229404,0.8912499999999999,0,B_utilization_proxy_pdf_cost
642,62,111.5302305869132,208.28847408229404,0.8912499999999999,0,B_utilization_proxy_pdf_cost
643,62,111.5302305869132,208.28847408229404,0.8912499999999999,0,B_utilization_proxy_pdf_cost
644,62,111.5302305869132,208.28847408229404,0.8912499999999999,0,B_utilization_proxy_pdf_cost
645,62,111.5302305869132,208.28847408229404,0.8912499999999999,0,B_utilization_proxy_pdf_cost
646,62,111.5302305869132,208.28847408229404,0.8912499999999999,0,B_utilization_proxy_pdf_cost
647,62,111.5302305869132,208.28847408229404,0.8912499999999999,0,B_utilization_proxy_pdf_cost
648,62,111.5302305869132,208.28847408229404,0.8912499999999999,0,B_utilization_proxy_pdf_cost
649,62,111.5302305869132,208.28847408229404,0.8912499999999999,0,B_utilization_proxy_pdf_cost
650,62,111.5302305869132,208.28847408229404,0.8912499999999999,0,B_utilization_proxy_pdf_cost
651,62,111.5302305869132,208.28847408229404,0.8912499999999999,0,B_utilization_proxy_pdf_cost
652,62,111.5302305869132,208.28847408229404,0.8912499999999999,0,B_utilization_proxy_pdf_cost
653,62,111.5302305869132,208.28847408229404,0.8912499999999999,0,B_utilization_proxy_pdf_cost
654,62,111.5302305869132,208.28847408229404,0.8912499999999999,0,B_utilization_proxy_pdf_cost
655,62,111.5302305869132,208.28847408229404,0.8912499999999999,0,B_utilization_proxy_pdf_cost
656,62,111.5302305869132,208.28847408229404,0.8912499999999999,0,B_utilization_proxy_pdf_cost
657,62,111.5302305869132,208.28847408229404,0.8912499999999999,0,B_utilization_proxy_pdf_cost
658,62,111.5302305869132,208.28847408229404,0.8912499999999999,0,B_utilization_proxy_pdf_cost
659,62,111.5302305869132,208.28847408229404,0.8912499999999999,0,B_utilization_proxy_pdf_cost
660,62,111.5302305869132,208.28847408229404,0.8912499999999999,0,B_utilization_proxy_pdf_cost
661,62,111.5302305869132,208.28847408229404,0.8912499999999999,0,B_utilization_proxy_pdf_cost
662,62,111.5302305869132,208.28847408229404,0.8912499999999999,0,B_utilization_proxy_pdf_cost
663,62,111.5302305869132,208.28847408229404,0.8912499999999999,0,B_utilization_proxy_pdf_cost
664,62,111.5302305869132,208.28847408229404,0.8912499999999999,0,B_utilization_proxy_pdf_cost
665,62,111.5302305869132,208.28847408229404,0.8912499999999999,0,B_utilization_proxy_pdf_cost
666,62,111.5302305869132,208.28847408229404,0.8912499999999999,0,B_utilization_proxy_pdf_cost
667,62,111.5302305869132,208.28847408229404,0.8912499999999999,0,B_utilization_proxy_pdf_cost
668,62,111.5302305869132,208.28847408229404,0.8912499999999999,0,B_utilization_proxy_pdf_cost
669,62,111.5302305869132,208.28847408229404,0.8912499999999999,0,B_utilization_proxy_pdf_cost
670,62,111.5302305869132,208.28847408229404,0.8912499999999999,0,B_utilization_proxy_pdf_cost
671,62,111.5302305869132,208.28847408229404,0.8912499999999999,0,B_utilization_proxy_pdf_cost
672,62,111.5302305869132,208.28847408229404,0.8912499999999999,0,B_utilization_proxy_pdf_cost
673,62,111.5302305869132,208.28847408229404,0.8912499999999999,0,B_utilization_proxy_pdf_cost
674,62,111.5302305869132,208.28847408229404,0.8912499999999999,0,B_utilization_proxy_pdf_cost
675,62,111.5302305869132,208.28847408229404,0.8912499999999999,0,B_utilization_proxy_pdf_cost
676,62,111.5302305869132,208.28847408229404,0.8912499999999999,0,B_utilization_proxy_pdf_cost
677,62,111.5302305869132,208.28847408229404,0.8912499999999999,0,B_utilization_proxy_pdf_cost
678,62,111.5302305869132,208.28847408229404,0.8912499999999999,0,B_utilization_proxy_pdf_cost
679,62,111.5302305869132,208.28847408229404,0.8912499999999999,0,B_utilization_proxy_pdf_cost
680,62,111.5302305869132,208.28847408229404,0.8912499999999999,0,B_utilization_proxy_pdf_cost
681,62,111.5302305869132,208.28847408229404,0.8912499999999999,0,B_utilization_proxy_pdf_cost
682,62,111.5302305869132,208.28847408229404,0.8912499999999999,0,B_utilization_proxy_pdf_cost
683,62,111.5302305869132,208.28847408229404,0.8912499999999999,0,B_utilization_proxy_pdf_cost
684,62,111.5302305869132,208.28847408229404,0.8912499999999999,0,B_utilization_proxy_pdf_cost
685,62,111.5302305869132,208.28847408229404,0.8912499999999999,0,B_utilization_proxy_pdf_cost
686,62,111.5302305869132,208.28847408229404,0.8912499999999999,0,B_utilization_proxy_pdf_cost
687,62,111.5302305869132,208.28847408229404,0.8912499999999999,0,B_utilization_proxy_pdf_cost
688,62,111.5302305869132,208.28847408229404,0.8912499999999999,0,B_utilization_proxy_pdf_cost
689,62,111.5302305869132,208.28847408229404,0.8912499999999999,0,B_utilization_proxy_pdf_cost
690,62,111.5302305869132,208.28847408229404,0.8912499999999999,0,B_utilization_proxy_pdf_cost
691,62,111.5302305869132,208.28847408229404,0.8912499999999999,1,B_utilization_proxy_pdf_cost
692,61,111.41028950399325,192.5070248710787,0.876875,0,B_utilization_proxy_pdf_cost
693,61,111.41028950399325,192.5070248710787,0.876875,0,B_utilization_proxy_pdf_cost
694,61,111.41028950399325,192.5070248710787,0.876875,0,B_utilization_proxy_pdf_cost
695,61,111.41028950399325,192.5070248710787,0.876875,1,B_utilization_proxy_pdf_cost
696,62,111.33833322026905,208.0965767156499,0.8912499999999999,0,B_utilization_proxy_pdf_cost
697,62,111.33833322026905,208.0965767156499,0.8912499999999999,0,B_utilization_proxy_pdf_cost
698,62,111.33833322026905,208.0965767156499,0.8912499999999999,0,B_utilization_proxy_pdf_cost
699,62,111.33833322026905,208.0965767156499,0.8912499999999999,0,B_utilization_proxy_pdf_cost
700,62,111.33833322026905,208.0965767156499,0.8912499999999999,0,B_utilization_proxy_pdf_cost
701,62,111.33833322026905,208.0965767156499,0.8912499999999999,0,B_utilization_proxy_pdf_cost
702,62,111.33833322026905,208.0965767156499,0.8912499999999999,0,B_utilization_proxy_pdf_cost
703,62,111.33833322026905,208.0965767156499,0.8912499999999999,0,B_utilization_proxy_pdf_cost
704,62,111.33833322026905,208.0965767156499,0.8912499999999999,0,B_utilization_proxy_pdf_cost
705,62,111.33833322026905,208.0965767156499,0.8912499999999999,0,B_utilization_proxy_pdf_cost
706,62,111.33833322026905,208.0965767156499,0.8912499999999999,0,B_utilization_proxy_pdf_cost
707,62,111.33833322026905,208.0965767156499,0.8912499999999999,0,B_utilization_proxy_pdf_cost
708,62,111.33833322026905,208.0965767156499,0.8912499999999999,0,B_utilization_proxy_pdf_cost
709,62,111.33833322026905,208.0965767156499,0.8912499999999999,0,B_utilization_proxy_pdf_cost
710,62,111.33833322026905,208.0965767156499,0.8912499999999999,0,B_utilization_proxy_pdf_cost
711,62,111.33833322026905,208.0965767156499,0.8912499999999999,0,B_utilization_proxy_pdf_cost
712,62,111.33833322026905,208.0965767156499,0.8912499999999999,0,B_utilization_proxy_pdf_cost
713,62,111.33833322026905,208.0965767156499,0.8912499999999999,0,B_utilization_proxy_pdf_cost
714,62,111.33833322026905,208.0965767156499,0.8912499999999999,0,B_utilization_proxy_pdf_cost
715,62,111.33833322026905,208.0965767156499,0.8912499999999999,0,B_utilization_proxy_pdf_cost
716,62,111.33833322026905,208.0965767156499,0.8912499999999999,0,B_utilization_proxy_pdf_cost
717,62,111.33833322026905,208.0965767156499,0.8912499999999999,0,B_utilization_proxy_pdf_cost
718,62,111.33833322026905,208.0965767156499,0.8912499999999999,0,B_utilization_proxy_pdf_cost
719,62,111.33833322026905,208.0965767156499,0.8912499999999999,0,B_utilization_proxy_pdf_cost
720,62,111.33833322026905,208.0965767156499,0.8912499999999999,0,B_utilization_proxy_pdf_cost
721,62,111.33833322026905,208.0965767156499,0.8912499999999999,0,B_utilization_proxy_pdf_cost
722,62,111.33833322026905,208.0965767156499,0.8912499999999999,0,B_utilization_proxy_pdf_cost
723,62,111.33833322026905,208.0965767156499,0.8912499999999999,0,B_utilization_proxy_pdf_cost
724,62,111.33833322026905,208.0965767156499,0.8912499999999999,0,B_utilization_proxy_pdf_cost
725,62,111.33833322026905,208.0965767156499,0.8912499999999999,0,B_utilization_proxy_pdf_cost
726,62,111.33833322026905,208.0965767156499,0.8912499999999999,0,B_utilization_proxy_pdf_cost
727,62,111.33833322026905,208.0965767156499,0.8912499999999999,0,B_utilization_proxy_pdf_cost
728,62,111.33833322026905,208.0965767156499,0.8912499999999999,0,B_utilization_proxy_pdf_cost
729,62,111.33833322026905,208.0965767156499,0.8912499999999999,0,B_utilization_proxy_pdf_cost
730,62,111.33833322026905,208.0965767156499,0.8912499999999999,0,B_utilization_proxy_pdf_cost
731,62,111.33833322026905,208.0965767156499,0.8912499999999999,0,B_utilization_proxy_pdf_cost
732,62,111.33833322026905,208.0965767156499,0.8912499999999999,0,B_utilization_proxy_pdf_cost
733,62,111.33833322026905,208.0965767156499,0.8912499999999999,0,B_utilization_proxy_pdf_cost
734,62,111.33833322026905,208.0965767156499,0.8912499999999999,0,B_utilization_proxy_pdf_cost
735,62,111.33833322026905,208.0965767156499,0.8912499999999999,0,B_utilization_proxy_pdf_cost
736,62,111.33833322026905,208.0965767156499,0.8912499999999999,0,B_utilization_proxy_pdf_cost
737,62,111.33833322026905,208.0965767156499,0.8912499999999999,0,B_utilization_proxy_pdf_cost
738,62,111.33833322026905,208.0965767156499,0.8912499999999999,0,B_utilization_proxy_pdf_cost
739,62,111.33833322026905,208.0965767156499,0.8912499999999999,0,B_utilization_proxy_pdf_cost
740,62,111.33833322026905,208.0965767156499,0.8912499999999999,0,B_utilization_proxy_pdf_cost
741,62,111.33833322026905,208.0965767156499,0.8912499999999999,0,B_utilization_proxy_pdf_cost
742,62,111.33833322026905,208.0965767156499,0.8912499999999999,0,B_utilization_proxy_pdf_cost
743,62,111.33833322026905,208.0965767156499,0.8912499999999999,0,B_utilization_proxy_pdf_cost
744,62,111.33833322026905,208.0965767156499,0.8912499999999999,0,B_utilization_proxy_pdf_cost
745,62,111.33833322026905,208.0965767156499,0.8912499999999999,0,B_utilization_proxy_pdf_cost
746,62,111.33833322026905,208.0965767156499,0.8912499999999999,0,B_utilization_proxy_pdf_cost
747,62,111.33833322026905,208.0965767156499,0.8912499999999999,0,B_utilization_proxy_pdf_cost
748,62,111.33833322026905,208.0965767156499,0.8912499999999999,0,B_utilization_proxy_pdf_cost
749,62,111.33833322026905,208.0965767156499,0.8912499999999999,0,B_utilization_proxy_pdf_cost
750,62,111.33833322026905,208.0965767156499,0.8912499999999999,0,B_utilization_proxy_pdf_cost
751,62,111.33833322026905,208.0965767156499,0.8912499999999999,0,B_utilization_proxy_pdf_cost
752,62,111.33833322026905,208.0965767156499,0.8912499999999999,0,B_utilization_proxy_pdf_cost
753,62,111.33833322026905,208.0965767156499,0.8912499999999999,0,B_utilization_proxy_pdf_cost
754,62,111.33833322026905,208.0965767156499,0.8912499999999999,0,B_utilization_proxy_pdf_cost
755,62,111.33833322026905,208.0965767156499,0.8912499999999999,0,B_utilization_proxy_pdf_cost
756,62,111.33833322026905,208.0965767156499,0.8912499999999999,0,B_utilization_proxy_pdf_cost
757,62,111.33833322026905,208.0965767156499,0.8912499999999999,0,B_utilization_proxy_pdf_cost
758,62,111.33833322026905,208.0965767156499,0.8912499999999999,0,B_utilization_proxy_pdf_cost
759,62,111.33833322026905,208.0965767156499,0.8912499999999999,0,B_utilization_proxy_pdf_cost
760,62,111.33833322026905,208.0965767156499,0.8912499999999999,0,B_utilization_proxy_pdf_cost
761,62,111.33833322026905,208.0965767156499,0.8912499999999999,0,B_utilization_proxy_pdf_cost
762,62,111.33833322026905,208.0965767156499,0.8912499999999999,0,B_utilization_proxy_pdf_cost
763,62,111.33833322026905,208.0965767156499,0.8912499999999999,0,B_utilization_proxy_pdf_cost
764,62,111.33833322026905,208.0965767156499,0.8912499999999999,0,B_utilization_proxy_pdf_cost
765,62,111.33833322026905,208.0965767156499,0.8912499999999999,0,B_utilization_proxy_pdf_cost
766,62,111.33833322026905,208.0965767156499,0.8912499999999999,0,B_utilization_proxy_pdf_cost
767,62,111.33833322026905,208.0965767156499,0.8912499999999999,0,B_utilization_proxy_pdf_cost
768,62,111.33833322026905,208.0965767156499,0.8912499999999999,0,B_utilization_proxy_pdf_cost
769,62,111.33833322026905,208.0965767156499,0.8912499999999999,0,B_utilization_proxy_pdf_cost
770,62,111.33833322026905,208.0965767156499,0.8912499999999999,0,B_utilization_proxy_pdf_cost
771,62,111.33833322026905,208.0965767156499,0.8912499999999999,0,B_utilization_proxy_pdf_cost
772,62,111.33833322026905,208.0965767156499,0.8912499999999999,0,B_utilization_proxy_pdf_cost
773,62,111.33833322026905,208.0965767156499,0.8912499999999999,0,B_utilization_proxy_pdf_cost
774,62,111.33833322026905,208.0965767156499,0.8912499999999999,0,B_utilization_proxy_pdf_cost
775,62,111.33833322026905,208.0965767156499,0.8912499999999999,0,B_utilization_proxy_pdf_cost
776,62,111.33833322026905,208.0965767156499,0.8912499999999999,0,B_utilization_proxy_pdf_cost
777,62,111.33833322026905,208.0965767156499,0.8912499999999999,0,B_utilization_proxy_pdf_cost
778,62,111.33833322026905,208.0965767156499,0.8912499999999999,0,B_utilization_proxy_pdf_cost
779,62,111.33833322026905,208.0965767156499,0.8912499999999999,0,B_utilization_proxy_pdf_cost
780,62,111.33833322026905,208.0965767156499,0.8912499999999999,0,B_utilization_proxy_pdf_cost
781,62,111.33833322026905,208.0965767156499,0.8912499999999999,0,B_utilization_proxy_pdf_cost
782,62,111.33833322026905,208.0965767156499,0.8912499999999999,0,B_utilization_proxy_pdf_cost
783,62,111.33833322026905,208.0965767156499,0.8912499999999999,0,B_utilization_proxy_pdf_cost
784,62,111.33833322026905,208.0965767156499,0.8912499999999999,0,B_utilization_proxy_pdf_cost
785,62,111.33833322026905,208.0965767156499,0.8912499999999999,0,B_utilization_proxy_pdf_cost
786,62,111.33833322026905,208.0965767156499,0.8912499999999999,0,B_utilization_proxy_pdf_cost
787,62,111.33833322026905,208.0965767156499,0.8912499999999999,0,B_utilization_proxy_pdf_cost
788,62,111.33833322026905,208.0965767156499,0.8912499999999999,0,B_utilization_proxy_pdf_cost
789,62,111.33833322026905,208.0965767156499,0.8912499999999999,0,B_utilization_proxy_pdf_cost
790,62,111.33833322026905,208.0965767156499,0.8912499999999999,0,B_utilization_proxy_pdf_cost
791,62,111.33833322026905,208.0965767156499,0.8912499999999999,0,B_utilization_proxy_pdf_cost
792,62,111.33833322026905,208.0965767156499,0.8912499999999999,0,B_utilization_proxy_pdf_cost
793,62,111.33833322026905,208.0965767156499,0.8912499999999999,0,B_utilization_proxy_pdf_cost
794,62,111.33833322026905,208.0965767156499,0.8912499999999999,0,B_utilization_proxy_pdf_cost
795,62,111.33833322026905,208.0965767156499,0.8912499999999999,0,B_utilization_proxy_pdf_cost
796,62,111.33833322026905,208.0965767156499,0.8912499999999999,0,B_utilization_proxy_pdf_cost
