candidate_k,k_offload,offload_fraction,potential,system_total_cost_normalized,mean_energy_mj_per_task_simulated,queue_delay_ms_per_offloaded_task,mean_queue_delay_ms_per_task,vram_load_gb_simulated,vram_load_fraction,memory_violation_simulated,is_psne,pareto_nondominated
0,0,0.0,280.6,280.6,433080.0,0.0,0.0,0.0,0.0,0,0,1
1,1,0.01,272.4439328006629,272.4439328006629,418320.00215625,212.79429143156344,2.1279429143156343,0.22699999999999995,0.014187499999999997,0,0,1
2,2,0.02,264.9878845741105,264.9879035468953,404820.0043125,212.79429753994745,4.255885950798949,0.4539999999999999,0.028374999999999994,0,0,1
3,3,0.03,258.2906026191868,258.2906659515689,392580.00658203126,212.7943037742765,6.383829113228295,0.6809999999999998,0.04256249999999999,0,0,1
4,4,0.04,253.5244742097758,253.52461532927043,383940.00882031245,212.7943101384863,8.511772405539453,0.9079999999999998,0.05674999999999999,0,0,1
5,5,0.05,248.82724849606973,248.8275108642853,375300.0110898438,212.79431663667842,10.639715831833922,1.1349999999999998,0.07093749999999999,0,0,1
6,6,0.06,244.74700622687317,244.7474457771232,367920.01330078125,212.79432327312878,12.767659396387725,1.3619999999999997,0.08512499999999998,0,0,1
7,7,0.07,240.8789593347299,240.87964744709691,360900.0155351563,212.7943300522973,14.895603103660813,1.5889999999999997,0.09931249999999998,0,0,1
8,8,0.08,237.02108916478753,237.02211629069754,353880.0177890626,212.7943369788378,17.023546958307026,1.8159999999999996,0.11349999999999998,0,0,1
9,9,0.09,233.33289073788384,233.33437080877857,347220.0198828125,212.79434405760867,19.15149096518478,2.0429999999999997,0.12768749999999998,0,0,1
10,10,0.1,229.70829665096156,229.71037243259997,340740.0220078125,212.79435129368414,21.27943512936842,2.2699999999999996,0.14187499999999997,0,0,1
11,11,0.11,226.12834442794534,226.13119401407354,334260.0241171875,212.79435869236667,23.407379456160335,2.4969999999999994,0.15606249999999997,0,0,1
12,12,0.12,222.54848266779098,222.55232734539973,327780.026328125,212.79436625919956,25.535323951103948,2.7239999999999993,0.17024999999999996,0,0,1
13,13,0.13,219.0626496898478,219.06776345419354,321480.02842578123,212.79437399998108,27.66326861999754,2.950999999999999,0.18443749999999995,0,0,1
14,14,0.14,215.5890942994827,215.5958153519037,315180.0306484375,212.79438192077916,29.791213468909085,3.1779999999999995,0.19862499999999997,0,0,1
15,15,0.15,212.24404266690536,212.25278729391948,309060.0329257812,212.7943900279472,31.91915850419208,3.4049999999999994,0.21281249999999996,0,0,1
16,16,0.16,209.13433894636293,209.14561825660144,303480.03507812496,212.79439832814128,34.047103732502606,3.6319999999999992,0.22699999999999995,0,0,1
17,17,0.17,206.04232095812824,206.0567610467356,297720.03745703126,212.79440682833814,36.17504916081749,3.858999999999999,0.24118749999999994,0,0,1
18,18,0.18,203.1221747021157,203.1405409231715,292320.03978125,212.7944155358549,38.30299479645388,4.085999999999999,0.25537499999999996,0,0,1
19,19,0.19,200.2225550260825,200.24578118575408,286920.0421445312,212.79442445837003,40.4309406470903,4.312999999999999,0.2695624999999999,0,0,1
20,20,0.2,197.4300707128175,197.4592941533364,281880.044328125,212.7944336039458,42.55888672078917,4.539999999999999,0.28374999999999995,0,0,1
21,21,0.21,194.63923833107106,194.67584206300037,276660.04670703126,212.7944429810529,44.68683302602111,4.766999999999999,0.2979374999999999,0,0,1
22,22,0.22,191.90353013073042,191.94919339399092,271440.04919140623,212.79445259859622,46.81477957169117,4.993999999999999,0.31212499999999993,0,0,1
23,23,0.23,189.1865572025397,189.24331610198524,266220.0517109375,212.7944624659433,48.94272636716696,5.220999999999999,0.32631249999999995,0,0,1
24,24,0.24,186.4790192698552,186.54933944676702,261180.0540546875,212.79447259295478,51.07067342230914,5.447999999999999,0.3404999999999999,0,0,1
25,25,0.25,183.79722129109592,183.88408496721027,256320.05625390622,212.79448299001706,53.198620747504265,5.674999999999999,0.35468749999999993,0,0,1
26,26,0.26,181.1668706308361,181.2738808075857,251460.05855078122,212.79449366807805,55.32656835370029,5.901999999999998,0.3688749999999999,0,0,1
27,27,0.27,178.56176998406718,178.69327510982666,246600.06089453123,212.7945046386855,57.454516252445096,6.128999999999999,0.3830624999999999,0,0,1
28,28,0.28,175.97600166687428,176.13724471481706,241740.0632734375,212.79451591402878,59.58246445592807,6.355999999999999,0.39724999999999994,0,0,1
29,29,0.29,173.4429051780937,173.64020182536248,237060.06555859375,212.79452750698388,61.71041297702532,6.582999999999998,0.4114374999999999,0,0,1
30,30,0.3,170.91333968696162,171.15429117420805,232380.06784765623,212.79453943116255,63.83836182934877,6.809999999999999,0.4256249999999999,0,0,1
31,31,0.31,168.4017393231335,168.695486628149,227700.07016796872,212.79455170096568,65.96631102729935,7.036999999999998,0.4398124999999999,0,0,1
32,32,0.32,165.89827335064354,166.25580056161695,223020.07249999995,212.7945643316412,68.09426058612519,7.2639999999999985,0.4539999999999999,0,0,1
33,33,0.33,163.41139226929033,163.84588852871383,218340.074859375,212.79457733934743,70.22221052198466,7.490999999999999,0.4681874999999999,0,0,1
34,34,0.34,160.9422455041615,161.46953665678768,213840.07695312495,212.7945907412219,72.35016085201545,7.717999999999998,0.4823749999999999,0,0,1
35,35,0.35,158.48172038489628,159.12078355360296,209160.07935156248,212.7946045554568,74.47811159440987,7.9449999999999985,0.4965624999999999,0,0,1
36,36,0.36,156.0561661285003,156.8297429209951,204660.08161718748,212.79461880138126,76.60606276849725,8.171999999999999,0.5107499999999999,0,0,1
37,37,0.37,153.64523322480358,154.5805602134578,200160.08390234373,212.79463349955165,78.73401439483412,8.398999999999997,0.5249374999999998,0,0,1
38,38,0.38,151.2577839924511,152.38746259396734,195660.08622265625,212.79464867185064,80.86196649530324,8.625999999999998,0.5391249999999999,0,0,1
39,39,0.39,148.87647563930537,150.23950765067974,191160.08854296873,212.79466434159565,82.98991909322231,8.852999999999998,0.5533124999999999,0,0,1
40,40,0.4,146.5246287055698,148.16764864652595,186660.09090625,212.79468053365872,85.1178722134635,9.079999999999998,0.5674999999999999,0,0,1
41,41,0.41,144.18394320329097,146.16268441331948,182340.09308203124,212.79469727459798,87.24582588258517,9.306999999999999,0.5816874999999999,0,0,1
42,42,0.42,141.857121141987,144.23815944819157,178020.09526562496,212.79471459280325,89.37378012897736,9.533999999999997,0.5958749999999998,0,0,1
43,43,0.43,139.545078813114,142.4079057193662,173520.09764843748,212.7947325186565,91.50173498302229,9.760999999999997,0.6100624999999998,0,0,1
44,44,0.44,137.28972875014614,140.7292157304277,169200.099921875,212.79475108470987,93.62969047727235,9.987999999999998,0.6242499999999999,0,0,1
45,45,0.45,135.05815950014835,139.1874863834558,164880.1022109375,212.79477032588287,95.75764664664729,10.214999999999998,0.6384374999999999,0,0,1
46,46,0.46,132.85099627075385,137.80513020544853,160560.10451171876,212.79479027968156,97.88560352865352,10.441999999999998,0.6526249999999999,0,0,1
47,47,0.47,130.70044009473145,136.6402675594925,156420.10668750003,212.79481098644274,100.01356116362808,10.668999999999997,0.6668124999999998,0,0,1
48,48,0.48,128.58708905542537,135.70432229426672,152280.10888671875,212.7948324896058,102.14151959501078,10.895999999999997,0.6809999999999998,0,0,1
49,49,0.49,126.54151236613558,135.0645140006288,148140.11116015626,212.79485483601724,104.26947886964845,11.122999999999998,0.6951874999999998,0,0,1
50,50,0.5,124.57473882172427,134.77543486586177,144000.11351953124,212.79487807627115,106.39743903813557,11.349999999999998,0.7093749999999999,0,0,1
51,51,0.51,122.66622393783442,134.86830675551317,139860.11581249998,212.79490226509176,108.52540015519679,11.576999999999998,0.7235624999999999,0,0,1
52,52,0.52,120.87411980562258,135.46277958818604,135900.1181484375,212.79492746176345,110.65336228011701,11.803999999999997,0.7377499999999998,0,0,1
53,53,0.53,119.13874916557906,136.5722163072681,131940.12048828125,212.79495373061613,112.78132547722655,12.030999999999997,0.7519374999999998,0,0,1
54,54,0.54,117.49164426331951,138.3148768039805,127980.122875,212.79498114157343,114.90928981644967,12.257999999999997,0.7661249999999998,0,0,1
55,55,0.55,115.99702895259838,140.85794048967597,124200.12521874999,212.79500977077433,117.0372553739259,12.484999999999998,0.7803124999999999,0,0,1
56,56,0.56,114.61211014398113,144.28080600170057,120420.12760546875,212.79503970127948,119.16522223271652,12.711999999999998,0.7944999999999999,0,0,1
57,57,0.57,113.40507770576126,148.796652709517,116820.1299453125,212.7950710238758,121.2931904836092,12.938999999999997,0.8086874999999998,0,0,1
58,58,0.58,112.32562118721643,154.52717351116544,113220.13230078126,212.79510383799658,123.42116022603801,13.165999999999997,0.8228749999999998,0,0,1
59,59,0.59,111.3865812501916,161.6892163016252,109800.13446484374,212.79513825277564,125.54913156913763,13.392999999999997,0.8370624999999998,0,0,1
60,60,0.6,110.61616545267195,170.55290495098205,106200.13683203125,212.7951743882601,127.67710463295606,13.619999999999997,0.8512499999999998,0,0,1
61,61,0.61,110.04677692558255,181.43745514801884,102600.13921875,212.79521237680916,129.80507954985356,13.846999999999998,0.8654374999999999,0,0,1
62,62,0.62,109.75600011185145,194.760426340029,99180.14151953126,212.79525236471443,131.93305646612293,14.073999999999996,0.8796249999999998,0,0,1
63,63,0.63,109.73423678214776,210.9151357519634,95760.14383593749,212.7952945140824,134.06103554387192,14.300999999999997,0.8938124999999998,0,1,1
64,64,0.64,110.02026753637216,230.41778461067247,92520.14586328124,212.7953390050311,136.18901696321993,14.527999999999997,0.9079999999999998,0,0,1
65,65,0.65,110.70671949160143,253.92660193797803,89100.14826953124,212.79538603826302,138.31700092487094,14.754999999999997,0.9221874999999998,0,0,1
66,66,0.66,111.8384239971451,282.15637312550336,85680.15073046874,212.79543583809198,140.44498765314074,14.981999999999998,0.9363749999999998,0,0,1
67,67,0.67,113.46230426438399,315.947445832082,82440.1530078125,212.79548865602095,142.57297739953404,15.208999999999996,0.9505624999999998,0,0,1
68,68,0.68,115.68230634565384,356.3432610401932,79200.15533593751,212.79554477498985,144.70097044699313,15.435999999999996,0.9647499999999998,0,0,1
69,69,0.69,118.58741021056701,404.5450768748203,76140.15750781252,212.79560451444613,146.8289671149678,15.662999999999997,0.9789374999999998,0,0,1
70,70,0.7,122.33811793468772,462.03002684645224,73080.15980859376,212.79566823642907,148.95696776550034,15.889999999999997,0.9931249999999998,0,0,1
71,71,0.71,127.00533211224557,530.4273045134265,70020.16212109376,212.79573635291308,151.08497281056827,16.116999999999997,1.0073124999999998,1,0,1
72,72,0.72,132.73893694666742,611.7308242431263,66960.1644375,212.79580933472445,153.2129827210016,16.343999999999998,1.0214999999999999,1,0,1
73,73,0.73,139.7269980275622,708.3104980680465,63900.1667734375,212.79588772243946,155.3409980373808,16.570999999999998,1.0356874999999999,1,0,1
74,74,0.74,148.17180383603142,822.949795930705,60840.16911328125,212.79597213979744,157.46901938345013,16.797999999999995,1.0498749999999997,1,0,1
75,75,0.75,158.32742107477068,958.955965424014,57780.17147265625,212.79606331033295,159.59704748274973,17.024999999999995,1.0640624999999997,1,0,1
76,76,0.76,170.4753244725144,1120.221481996247,54720.173839843745,212.79616207816574,161.72508317940594,17.251999999999995,1.0782499999999997,1,0,1
77,77,0.77,184.96383895973904,1311.3648390139344,51660.17623828125,212.79626943421388,163.85312746434468,17.478999999999996,1.0924374999999997,1,0,1
78,78,0.78,202.21305164659523,1537.855132451219,48780.178527343756,212.79638654955605,165.98118150865372,17.705999999999996,1.1066249999999997,1,0,1
79,79,0.79,222.66344999227297,1806.1019959797088,45900.18086328125,212.79651481832528,168.10924670647697,17.932999999999996,1.1208124999999998,1,0,1
80,80,0.8,246.86230915679573,2123.708800683767,43020.183265625,212.79665591347023,170.2373247307762,18.159999999999997,1.1349999999999998,1,0,1
81,81,0.81,275.4261856574239,2499.6320654232636,40320.18551953125,212.79681186012485,172.36541760670113,18.386999999999997,1.1491874999999998,1,0,1
82,82,0.82,309.08443002129997,2944.4574017811187,37620.18780859375,212.79698513343322,174.49352780941524,18.613999999999997,1.1633749999999998,1,0,1
83,83,0.83,348.7446746308974,3470.7393302805876,35100.19003515625,212.79717879089964,176.6216583964467,18.840999999999998,1.1775624999999998,1,0,1
84,84,0.84,395.38525973132045,4093.2174536347234,32580.19234375,212.79739665436696,178.74981318966826,19.067999999999994,1.1917499999999996,1,0,1
85,85,0.85,450.1549217627453,4829.29818016605,30060.1946875,212.79764356478327,180.87799703006579,19.294999999999995,1.2059374999999997,1,0,1
86,86,0.86,514.4128895961755,5699.545598293496,27540.197042968754,212.79792574614729,183.00621614168665,19.521999999999995,1.2201249999999997,1,0,1
87,87,0.87,589.7563426537023,6728.240780623339,25020.199398437504,212.79825133741915,185.13447866355466,19.748999999999995,1.2343124999999997,1,0,1
88,88,0.88,678.129231247154,7944.118044974591,22680.201695312502,212.79863119036915,187.26279544752487,19.975999999999996,1.2484999999999997,1,0,1
89,89,0.89,781.672161931579,9380.954997017805,20520.203734374998,212.79908010258544,189.39118129130105,20.202999999999996,1.2626874999999997,1,0,1
90,90,0.9,902.9514707019644,11078.674656316449,18180.20611328125,212.79961879022892,191.519656911206,20.429999999999996,1.2768749999999998,1,0,1
91,91,0.91,1044.9655532885015,13084.381515374882,16020.2083515625,212.8002771758436,193.6482522300177,20.656999999999996,1.2910624999999998,1,0,1
92,92,0.92,1211.2521316049683,15453.683233474165,14040.21051953125,212.8011001417842,195.77701213044148,20.883999999999997,1.3052499999999998,1,0,1
93,93,0.93,1405.911819126399,18252.146348000795,12060.212824218748,212.80215821460217,197.90600713958,21.110999999999997,1.3194374999999998,1,0,1
94,94,0.94,1633.734751384549,21557.11167548016,10260.215082031249,212.80356893242651,200.0353547964809,21.337999999999994,1.3336249999999996,1,0,1
95,95,0.95,1900.2538636308886,25459.738823429274,8460.217367187499,212.8055438491946,202.16526665673487,21.564999999999994,1.3478124999999996,1,0,1
96,96,0.96,2212.0135651564715,30067.622568603154,6660.2196875,212.80850603145595,204.2961657901977,21.791999999999994,1.3619999999999997,1,0,1
97,97,0.97,2576.6438540094878,35507.63477768925,4860.222011718751,212.81344248758302,206.42903921295553,22.018999999999995,1.3761874999999997,1,0,1
98,98,0.98,3003.116167649601,41929.4431850768,3060.2244023437506,212.82331347163236,208.5668472021997,22.245999999999995,1.3903749999999997,1,0,1
99,99,0.99,3501.930317260344,49509.54537594701,1440.2267617187506,212.85291100717632,210.72438189710454,22.472999999999995,1.4045624999999997,1,0,1
100,100,1.0,4085.4057737405083,58463.587511622085,0.22914062499999996,288.62646722319454,288.62646722319454,22.699999999999996,1.4187499999999997,1,0,1
